Workbook

Sheet 1_README
A1: FOMA CER–COD–Paris — TG / Block G results workbook (robustness register G1–G10)
A2: Template: docs/results_workbook_template.md (binding) · one workbook per run
A3: Canonical run · 2026-07-29 17:28:47 · HEAD c935b28 · verifier R/11_verify_outputs.R: 12/12 PASS
A5: Item | B5: Value
A6: Data version | B6: CERCOD v12 — estimation set 2,713 ES / 115 studies / 114 clusters (per-spec domains in each tab)
A7: Method (one line) | B7: 3L-RVE spine verbatim (random ~1|cluster_id/study/esid; CS rho=0.6; CR2/Satterthwaite on cluster_id); G6 off-spine cluster-median rma.uni(REML, knha)
A8: Scope | B8: Block G: six spine/aggregation variant specs (G1–G6, 7 rows) + four technical level panels (G7–G10); register G11 partial (A+G rows; F rows pending)
A9: Repository | B9: github.com/rwitte-wu-research/FOMA-CER-COD-Paris (public, main)
A10: Computational stack | B10: R 4.6.1 · metafor · clubSandwich · seed 20260710
A11: Scripts | B11: R/11_robustness.R + R/11_verify_outputs.R @ c935b28
A12: Decision basis | B12: DEC-050 · DEC-050a · DEC-050b · DEC-050c · analysis_plan A.15; language regime per DEC-047
A14: TAB-INDEX
A15: 1_README | B15: this tab
A16: 2_Methodology | B16: quantity | formula/construction | reference
A17: 3_Interpretation_Guide | B17: how to read each quantity; decision rules
A18: 4_Formula_Reference | B18: exact R calls; workbook formula conventions (incl. documented TEXT() deviation)
A19: 5_Data_Provenance | B19: run record, gates, verifier, known notes
A20: 6_Spine_Variants | B20: Spine & aggregation variants (G1–G6), reference row = T1-A1
A21: 7_Panel_qVHB | B21: G7 journal-quality cells incl. 99_NCE (descriptive; D5 cross-ref)
A22: 8_Panel_Field | B22: G8 research-field cells
A23: 9_Panel_ES_Measure | B23: G9 FEATURED axis: partial vs bivariate (van Aert)
A24: 10_Panel_ES_Method | B24: G10 conversion route, main-effect-only
A25: Results_Long | B25: verbatim CSV + key; single formula source
A26: Manuscript_Inputs | B26: ms_input rows, fully formula-derived
A27: Manuscript_Text_Blocks | B27: TB-65…TB-68

Sheet 2_Methodology
A1: Methodology — Block G robustness specs
A3: Quantity | B3: Formula / Construction | C3: Reference
A4: Spine engine (G1–G5, G7–G10) | B4: 3L random effects ~1|cluster_id/study/esid; CS V blocks within cluster_id, rho = 0.6; CR2 with Satterthwaite df on cluster_id; optimizer ladder | C4: [DEC-050 §2; DEC-031f; A.2]
A5: G1 no_starbound | B5: drop es_method == "star-bound" (99 ES / 11 studies, asserted) | C5: [DEC-050 §5]
A6: G2 no_nobs_proxyfill | B6: drop dat_prep flag_proxy_n rows — 296 on the estimation set; 297 on the usable basis incl. 134 FLAG-based; one tagged duplicate exits at the estimation filter | C6: [DEC-050 §5; DEC-050a]
A7: G3 n_firms_variance | B7: adj_i = n_obs_i − 1/vi_i (integer share asserted ≥ .99; observed 1.00); vi_g3 = 1/(n_firms − adj); invalid n_firms dropped+counted (0) | C7: [r02f2; DEC-048-K3; DEC-050 §5]
A8: G4 direct_r_only | B8: es_method == "bivariate"; near-identical to the G9 bivariate cell (Δ = 2 ES / 1 study, disclosed) | C8: [DEC-050 §5–6]
A9: G5 pcc_df_k10 / k20 | B9: PCC rows: vi = 1/(n − k − 3), k ∈ {10, 20}; bivariate rows unchanged; k20 excludes the single n = 18 row | C9: [DEC-050 §5; ERROR #14]
A10: G6 one_per_cluster_median | B10: median z per cluster; vi of the median-carrying row (even size: mean of the two middle rows' vi); rma.uni(REML, knha) | C10: [DEC-050 §2/§5; DEC-031a.4]
A11: G7–G10 panels | B11: cell-means level panels: q_VHB (incl. 99_NCE per D31.4), field, ES_measure (featured), es_method (main-effect-only per Annex C); HTZ omnibus + pairwise CR2/Satterthwaite contrasts | C11: [DEC-050 §5; DEC-031a.1]
A12: Inference regime | B12: descriptive throughout; no Holm; no spec-vs-headline tests (N5 multiverse = single inferential home); no prediction intervals (PI home = A3/T1) | C12: [DEC-050 §3–4; DEC-047; DEC-031a.6; A.8]
A13: Δ vs headline / flags | B13: presentation-layer formulas: Δ_z = est_z − T1-A1; sign retained; CI excludes 0; |est_r| ≤ 0.070 (SESOI band F27v2) | C13: [DEC-050 §3/§10]
A14: Register G11 | B14: output/robustness_register.csv assembled by value from committed CSVs (A + TG rows), 1e-9 source verification, mandatory reported-in column; partial until F session | C14: [DEC-050 §10]

Sheet 3_Interpretation_Guide
A1: Interpretation guide
A3: Quantity | B3: Meaning | C3: Decision rule
A4: est_z / est_r | B4: pooled Fisher-z estimate and its back-transform tanh(z) for level rows | C4: report both scales for levels; r-scale for prose
A5: Contrast / HTZ rows | B5: difference-of-z and omnibus F; z-only by convention — tanh is never applied to differences | C5: template rule; z-only
A6: df (Satterthwaite) | B6: small-sample-adjusted df per CR2 | C6: df < 5 on a contrast → interpret descriptively (display flag; DEC-048 convention carried over)
A7: p (panels) | B7: descriptive under the resolved gate — no moderation-style claims from G panels | C7: [DEC-047]; no Holm by design [DEC-050 §4]
A8: Δ_z vs headline | B8: descriptive location shift against the T1-A1 headline; carries no SE/p by design | C8: [DEC-031a.6]; joint spec inference lives in N5
A9: Flag: sign retained | B9: sign(est_z) equals the headline sign | C9: yes/no; descriptive
A10: Flag: CI excludes 0 | B10: both CI ends on the same side of zero | C10: yes/no; descriptive
A11: Flag: inside SESOI | B11: |est_r| ≤ 0.070 — point location inside the pre-registered band (F27v2). NOT an equivalence test; TOST single home = E1/TH-a | C11: yes/no; descriptive
A12: 99_NCE cell (G7) | B12: not-classified journal cell, retained per D31.4; publication-status inference single-homed in D5 | C12: descriptive; cross-reference only

Sheet 4_Formula_Reference
A1: Formula reference — R calls and workbook conventions
A3: Quantity | B3: R call / workbook formula | C3: Reference / script section
A4: Spine fit | B4: rma.mv(yi=zi, V=Vmat(rho=0.6), random=~1|cluster_id/study/esid, method="REML") + clubSandwich coef_test/conf_int (CR2, Satterthwaite) | C4: R/11_robustness.R fit block
A5: G6 aggregate fit | B5: rma.uni(yi=z_med, vi=vi_med, method="REML", test="knha") | C5: R/11_robustness.R G6 block
A6: Panel HTZ / pairwise | B6: clubSandwich::Wald_test(cell-means constraints, vcov=CR2, test="HTZ") / linear contrasts with Satterthwaite df | C6: R/11_robustness.R panel block
A7: T1-A1 anchor (this workbook) | B7: by value from output/T1_results.csv (label key analysis_id=="A1"): est_z = -0.058646736610098; source-verified at build (1e-9); single anchor cell 6_Spine_Variants!E6 | C7: [DEC-050 §10; DEC-050c pattern]
A8: Δ formula | B8: Δ_z = est_z cell − $E$6 anchor (tab 6_Spine_Variants, column M); signed display format | C8: [DEC-050 §3]
A9: Locale-neutral strings | B9: documented TEXT() deviation from the template: number strings built via ROUND/INT/ABS/REPT/LEN arithmetic and "&" concatenation only — no TEXT() format codes, no CONCAT/XLOOKUP | C9: [ERROR #9 lesson; T7 precedent]
A10: Lookups | B10: INDEX/MATCH on Results_Long!$AK (key = analysis_id|spec|subset|term) | C10: template formula rules

Sheet 5_Data_Provenance
A1: Data provenance & run record
A2: Canonical run accepted under DEC-050 + 050a/b/c; verifier 12/12
A3: Delivery-side ERROR #32–#34 logged; nothing entered committed bytes invalid
A5: Item | B5: Value | C5: Source
A6: Estimation set | B6: 2,713 ES / 115 studies / 114 clusters (dat_prep); per-spec domains in Results_Long | C6: TG_run_meta.json
A7: dat_prep md5 | B7: 6702ef3dc45fe0b693b13f50ebd1576b | C7: TG_run_meta.json; A.15 pin
A8: Seed / rho | B8: 20260710 / 0.6 | C8: FROZEN ZONE
A9: Run stamp | B9: 2026-07-29 17:28:47 · budget < 5 min / ≤ 14 fits / ≤ 60 rows [DEC-050 §9]; 36 rows delivered | C9: TG_run_meta.json
A10: Gate A (script) | B10: pre-flight CS-aggregate by value: −0.0616608 (df 113), 1e-9 point / 1e-6 CI tiers — PASS | C10: [DEC-048; DEC-050 §7]
A11: Gate B (verifier) | B11: independent 3L headline refit matched to committed output/T1_results.csv A1: −0.058647; three variance components located ≤ 1e-6; row located by label key (A1≡A3 identity untouched) — PASS | C11: [DEC-050b; DEC-050c]
A12: Verifier | B12: R/11_verify_outputs.R: 12/12 PASS (schema transplant, budget, key uniqueness, domains, G1/G2/G3 asserts, G4/G9 Δ assert, gates) | C12: @ c935b28
A13: S-G2 episode | B13: designed stop fired at 296 vs pinned 297; fully reconciled result-blind (basis difference: estimation set vs usable set; duplicate is a proxy row) — assert re-pinned to 296 | C13: [DEC-050a]
A14: G3 diagnostics | B14: adjustment-integer share = 1.00; rows dropped for invalid n_firms = 0 | C14: TG_run_meta.json
A15: Canonical HEAD | B15: c935b28 — TG canonical run: results 36 rows, verifier 12/12 + DEC-050a/b/c + ERROR #32-34 + status G-flip | C15: git log

Sheet 6_Spine_Variants
A1: Spine & aggregation variants (G1–G6) — seven alternative estimators of the pooled CER–COD association
A2: Reference row = T1-A1 headline, by value (source output/T1_results.csv @ c935b28, verified 1e-9 at build) [DEC-050 §10]
A3: Δ and flags are presentation-layer [DEC-050 §3]; no spec-vs-headline tests [DEC-031a.6; N5 single home]
A5: Spec | B5: k_es | C5: k_study | D5: k_cluster | E5: est_z | F5: CI_z low | G5: CI_z high | H5: est_r | I5: CI_r low | J5: CI_r high | K5: df | L5: p | M5: Δ_z vs headline | N5: sign retained | O5: CI excl. 0 | P5: inside SESOI (|r| ≤ .070)
A6: T1-A1 headline (reference) | B6: 2713 | C6: 115 | D6: 114 | E6: -0.058646737 | F6: -0.086102595 | G6: -0.031190879 | H6: -0.058579592 | I6: -0.085890445 | J6: -0.031180768 | K6: 111.6718 | L6: 4.7619835e-05 | M6: =E6-$E$6 -> 0 | N6: =IF(SIGN(E6)=SIGN($E$6),"yes","no") -> yes | O6: =IF(F6*G6>0,"yes","no") -> yes | P6: =IF(ABS(H6)<=0.07,"yes","no") -> yes
A7: G1 no_starbound | B7: =IF(ISBLANK(INDEX(Results_Long!$H$2:$H$37,MATCH("G1|no_starbound|estimation|intrcpt",Results_Long!$AK$2:$AK$37,0))),"—",INDEX(Results_Long!$H$2:$H$37,MATCH("G1|no_starbound|estimation|intrcpt",Results_Long!$AK$2:$AK$37,0))) -> 2614 | C7: =IF(ISBLANK(INDEX(Results_Long!$I$2:$I$37,MATCH("G1|no_starbound|estimation|intrcpt",Results_Long!$AK$2:$AK$37,0))),"—",INDEX(Results_Long!$I$2:$I$37,MATCH("G1|no_starbound|estimation|intrcpt",Results_Long!$AK$2:$AK$37,0))) -> 112 | D7: =IF(ISBLANK(INDEX(Results_Long!$J$2:$J$37,MATCH("G1|no_starbound|estimation|intrcpt",Results_Long!$AK$2:$AK$37,0))),"—",INDEX(Results_Long!$J$2:$J$37,MATCH("G1|no_starbound|estimation|intrcpt",Results_Long!$AK$2:$AK$37,0))) -> 111 | E7: =IF(ISBLANK(INDEX(Results_Long!$K$2:$K$37,MATCH("G1|no_starbound|estimation|intrcpt",Results_Long!$AK$2:$AK$37,0))),"—",INDEX(Results_Long!$K$2:$K$37,MATCH("G1|no_starbound|estimation|intrcpt",Results_Long!$AK$2:$AK$37,0))) -> -0.057981615 | F7: =IF(ISBLANK(INDEX(Results_Long!$P$2:$P$37,MATCH("G1|no_starbound|estimation|intrcpt",Results_Long!$AK$2:$AK$37,0))),"—",INDEX(Results_Long!$P$2:$P$37,MATCH("G1|no_starbound|estimation|intrcpt",Results_Long!$AK$2:$AK$37,0))) -> -0.086764913 | G7: =IF(ISBLANK(INDEX(Results_Long!$Q$2:$Q$37,MATCH("G1|no_starbound|estimation|intrcpt",Results_Long!$AK$2:$AK$37,0))),"—",INDEX(Results_Long!$Q$2:$Q$37,MATCH("G1|no_starbound|estimation|intrcpt",Results_Long!$AK$2:$AK$37,0))) -> -0.029198317 | H7: =IF(ISBLANK(INDEX(Results_Long!$T$2:$T$37,MATCH("G1|no_starbound|estimation|intrcpt",Results_Long!$AK$2:$AK$37,0))),"—",INDEX(Results_Long!$T$2:$T$37,MATCH("G1|no_starbound|estimation|intrcpt",Results_Long!$AK$2:$AK$37,0))) -> -0.057916727 | I7: =IF(ISBLANK(INDEX(Results_Long!$U$2:$U$37,MATCH("G1|no_starbound|estimation|intrcpt",Results_Long!$AK$2:$AK$37,0))),"—",INDEX(Results_Long!$U$2:$U$37,MATCH("G1|no_starbound|estimation|intrcpt",Results_Long!$AK$2:$AK$37,0))) -> -0.08654784 | J7: =IF(ISBLANK(INDEX(Results_Long!$V$2:$V$37,MATCH("G1|no_starbound|estimation|intrcpt",Results_Long!$AK$2:$AK$37,0))),"—",INDEX(Results_Long!$V$2:$V$37,MATCH("G1|no_starbound|estimation|intrcpt",Results_Long!$AK$2:$AK$37,0))) -> -0.029190023 | K7: =IF(ISBLANK(INDEX(Results_Long!$N$2:$N$37,MATCH("G1|no_starbound|estimation|intrcpt",Results_Long!$AK$2:$AK$37,0))),"—",INDEX(Results_Long!$N$2:$N$37,MATCH("G1|no_starbound|estimation|intrcpt",Results_Long!$AK$2:$AK$37,0))) -> 108.65345 | L7: =IF(ISBLANK(INDEX(Results_Long!$O$2:$O$37,MATCH("G1|no_starbound|estimation|intrcpt",Results_Long!$AK$2:$AK$37,0))),"—",INDEX(Results_Long!$O$2:$O$37,MATCH("G1|no_starbound|estimation|intrcpt",Results_Long!$AK$2:$AK$37,0))) -> 0.00011906297 | M7: =E7-$E$6 -> 0.00066512148 | N7: =IF(SIGN(E7)=SIGN($E$6),"yes","no") -> yes | O7: =IF(F7*G7>0,"yes","no") -> yes | P7: =IF(ABS(H7)<=0.07,"yes","no") -> yes
A8: G2 no_nobs_proxyfill | B8: =IF(ISBLANK(INDEX(Results_Long!$H$2:$H$37,MATCH("G2|no_nobs_proxyfill|estimation|intrcpt",Results_Long!$AK$2:$AK$37,0))),"—",INDEX(Results_Long!$H$2:$H$37,MATCH("G2|no_nobs_proxyfill|estimation|intrcpt",Results_Long!$AK$2:$AK$37,0))) -> 2417 | C8: =IF(ISBLANK(INDEX(Results_Long!$I$2:$I$37,MATCH("G2|no_nobs_proxyfill|estimation|intrcpt",Results_Long!$AK$2:$AK$37,0))),"—",INDEX(Results_Long!$I$2:$I$37,MATCH("G2|no_nobs_proxyfill|estimation|intrcpt",Results_Long!$AK$2:$AK$37,0))) -> 109 | D8: =IF(ISBLANK(INDEX(Results_Long!$J$2:$J$37,MATCH("G2|no_nobs_proxyfill|estimation|intrcpt",Results_Long!$AK$2:$AK$37,0))),"—",INDEX(Results_Long!$J$2:$J$37,MATCH("G2|no_nobs_proxyfill|estimation|intrcpt",Results_Long!$AK$2:$AK$37,0))) -> 109 | E8: =IF(ISBLANK(INDEX(Results_Long!$K$2:$K$37,MATCH("G2|no_nobs_proxyfill|estimation|intrcpt",Results_Long!$AK$2:$AK$37,0))),"—",INDEX(Results_Long!$K$2:$K$37,MATCH("G2|no_nobs_proxyfill|estimation|intrcpt",Results_Long!$AK$2:$AK$37,0))) -> -0.03816762 | F8: =IF(ISBLANK(INDEX(Results_Long!$P$2:$P$37,MATCH("G2|no_nobs_proxyfill|estimation|intrcpt",Results_Long!$AK$2:$AK$37,0))),"—",INDEX(Results_Long!$P$2:$P$37,MATCH("G2|no_nobs_proxyfill|estimation|intrcpt",Results_Long!$AK$2:$AK$37,0))) -> -0.047570794 | G8: =IF(ISBLANK(INDEX(Results_Long!$Q$2:$Q$37,MATCH("G2|no_nobs_proxyfill|estimation|intrcpt",Results_Long!$AK$2:$AK$37,0))),"—",INDEX(Results_Long!$Q$2:$Q$37,MATCH("G2|no_nobs_proxyfill|estimation|intrcpt",Results_Long!$AK$2:$AK$37,0))) -> -0.028764446 | H8: =IF(ISBLANK(INDEX(Results_Long!$T$2:$T$37,MATCH("G2|no_nobs_proxyfill|estimation|intrcpt",Results_Long!$AK$2:$AK$37,0))),"—",INDEX(Results_Long!$T$2:$T$37,MATCH("G2|no_nobs_proxyfill|estimation|intrcpt",Results_Long!$AK$2:$AK$37,0))) -> -0.038149097 | I8: =IF(ISBLANK(INDEX(Results_Long!$U$2:$U$37,MATCH("G2|no_nobs_proxyfill|estimation|intrcpt",Results_Long!$AK$2:$AK$37,0))),"—",INDEX(Results_Long!$U$2:$U$37,MATCH("G2|no_nobs_proxyfill|estimation|intrcpt",Results_Long!$AK$2:$AK$37,0))) -> -0.047534942 | J8: =IF(ISBLANK(INDEX(Results_Long!$V$2:$V$37,MATCH("G2|no_nobs_proxyfill|estimation|intrcpt",Results_Long!$AK$2:$AK$37,0))),"—",INDEX(Results_Long!$V$2:$V$37,MATCH("G2|no_nobs_proxyfill|estimation|intrcpt",Results_Long!$AK$2:$AK$37,0))) -> -0.028756516 | K8: =IF(ISBLANK(INDEX(Results_Long!$N$2:$N$37,MATCH("G2|no_nobs_proxyfill|estimation|intrcpt",Results_Long!$AK$2:$AK$37,0))),"—",INDEX(Results_Long!$N$2:$N$37,MATCH("G2|no_nobs_proxyfill|estimation|intrcpt",Results_Long!$AK$2:$AK$37,0))) -> 95.869275 | L8: =IF(ISBLANK(INDEX(Results_Long!$O$2:$O$37,MATCH("G2|no_nobs_proxyfill|estimation|intrcpt",Results_Long!$AK$2:$AK$37,0))),"—",INDEX(Results_Long!$O$2:$O$37,MATCH("G2|no_nobs_proxyfill|estimation|intrcpt",Results_Long!$AK$2:$AK$37,0))) -> 2.1661548e-12 | M8: =E8-$E$6 -> 0.020479116 | N8: =IF(SIGN(E8)=SIGN($E$6),"yes","no") -> yes | O8: =IF(F8*G8>0,"yes","no") -> yes | P8: =IF(ABS(H8)<=0.07,"yes","no") -> yes
A9: G3 n_firms_variance | B9: =IF(ISBLANK(INDEX(Results_Long!$H$2:$H$37,MATCH("G3|n_firms_variance|estimation|intrcpt",Results_Long!$AK$2:$AK$37,0))),"—",INDEX(Results_Long!$H$2:$H$37,MATCH("G3|n_firms_variance|estimation|intrcpt",Results_Long!$AK$2:$AK$37,0))) -> 2713 | C9: =IF(ISBLANK(INDEX(Results_Long!$I$2:$I$37,MATCH("G3|n_firms_variance|estimation|intrcpt",Results_Long!$AK$2:$AK$37,0))),"—",INDEX(Results_Long!$I$2:$I$37,MATCH("G3|n_firms_variance|estimation|intrcpt",Results_Long!$AK$2:$AK$37,0))) -> 115 | D9: =IF(ISBLANK(INDEX(Results_Long!$J$2:$J$37,MATCH("G3|n_firms_variance|estimation|intrcpt",Results_Long!$AK$2:$AK$37,0))),"—",INDEX(Results_Long!$J$2:$J$37,MATCH("G3|n_firms_variance|estimation|intrcpt",Results_Long!$AK$2:$AK$37,0))) -> 114 | E9: =IF(ISBLANK(INDEX(Results_Long!$K$2:$K$37,MATCH("G3|n_firms_variance|estimation|intrcpt",Results_Long!$AK$2:$AK$37,0))),"—",INDEX(Results_Long!$K$2:$K$37,MATCH("G3|n_firms_variance|estimation|intrcpt",Results_Long!$AK$2:$AK$37,0))) -> -0.051361904 | F9: =IF(ISBLANK(INDEX(Results_Long!$P$2:$P$37,MATCH("G3|n_firms_variance|estimation|intrcpt",Results_Long!$AK$2:$AK$37,0))),"—",INDEX(Results_Long!$P$2:$P$37,MATCH("G3|n_firms_variance|estimation|intrcpt",Results_Long!$AK$2:$AK$37,0))) -> -0.071101693 | G9: =IF(ISBLANK(INDEX(Results_Long!$Q$2:$Q$37,MATCH("G3|n_firms_variance|estimation|intrcpt",Results_Long!$AK$2:$AK$37,0))),"—",INDEX(Results_Long!$Q$2:$Q$37,MATCH("G3|n_firms_variance|estimation|intrcpt",Results_Long!$AK$2:$AK$37,0))) -> -0.031622116 | H9: =IF(ISBLANK(INDEX(Results_Long!$T$2:$T$37,MATCH("G3|n_firms_variance|estimation|intrcpt",Results_Long!$AK$2:$AK$37,0))),"—",INDEX(Results_Long!$T$2:$T$37,MATCH("G3|n_firms_variance|estimation|intrcpt",Results_Long!$AK$2:$AK$37,0))) -> -0.051316787 | I9: =IF(ISBLANK(INDEX(Results_Long!$U$2:$U$37,MATCH("G3|n_firms_variance|estimation|intrcpt",Results_Long!$AK$2:$AK$37,0))),"—",INDEX(Results_Long!$U$2:$U$37,MATCH("G3|n_firms_variance|estimation|intrcpt",Results_Long!$AK$2:$AK$37,0))) -> -0.070982118 | J9: =IF(ISBLANK(INDEX(Results_Long!$V$2:$V$37,MATCH("G3|n_firms_variance|estimation|intrcpt",Results_Long!$AK$2:$AK$37,0))),"—",INDEX(Results_Long!$V$2:$V$37,MATCH("G3|n_firms_variance|estimation|intrcpt",Results_Long!$AK$2:$AK$37,0))) -> -0.03161158 | K9: =IF(ISBLANK(INDEX(Results_Long!$N$2:$N$37,MATCH("G3|n_firms_variance|estimation|intrcpt",Results_Long!$AK$2:$AK$37,0))),"—",INDEX(Results_Long!$N$2:$N$37,MATCH("G3|n_firms_variance|estimation|intrcpt",Results_Long!$AK$2:$AK$37,0))) -> 109.89661 | L9: =IF(ISBLANK(INDEX(Results_Long!$O$2:$O$37,MATCH("G3|n_firms_variance|estimation|intrcpt",Results_Long!$AK$2:$AK$37,0))),"—",INDEX(Results_Long!$O$2:$O$37,MATCH("G3|n_firms_variance|estimation|intrcpt",Results_Long!$AK$2:$AK$37,0))) -> 1.1219714e-06 | M9: =E9-$E$6 -> 0.0072848324 | N9: =IF(SIGN(E9)=SIGN($E$6),"yes","no") -> yes | O9: =IF(F9*G9>0,"yes","no") -> yes | P9: =IF(ABS(H9)<=0.07,"yes","no") -> yes
A10: G4 direct_r_only | B10: =IF(ISBLANK(INDEX(Results_Long!$H$2:$H$37,MATCH("G4|direct_r_only|estimation|intrcpt",Results_Long!$AK$2:$AK$37,0))),"—",INDEX(Results_Long!$H$2:$H$37,MATCH("G4|direct_r_only|estimation|intrcpt",Results_Long!$AK$2:$AK$37,0))) -> 104 | C10: =IF(ISBLANK(INDEX(Results_Long!$I$2:$I$37,MATCH("G4|direct_r_only|estimation|intrcpt",Results_Long!$AK$2:$AK$37,0))),"—",INDEX(Results_Long!$I$2:$I$37,MATCH("G4|direct_r_only|estimation|intrcpt",Results_Long!$AK$2:$AK$37,0))) -> 52 | D10: =IF(ISBLANK(INDEX(Results_Long!$J$2:$J$37,MATCH("G4|direct_r_only|estimation|intrcpt",Results_Long!$AK$2:$AK$37,0))),"—",INDEX(Results_Long!$J$2:$J$37,MATCH("G4|direct_r_only|estimation|intrcpt",Results_Long!$AK$2:$AK$37,0))) -> 52 | E10: =IF(ISBLANK(INDEX(Results_Long!$K$2:$K$37,MATCH("G4|direct_r_only|estimation|intrcpt",Results_Long!$AK$2:$AK$37,0))),"—",INDEX(Results_Long!$K$2:$K$37,MATCH("G4|direct_r_only|estimation|intrcpt",Results_Long!$AK$2:$AK$37,0))) -> -0.037776735 | F10: =IF(ISBLANK(INDEX(Results_Long!$P$2:$P$37,MATCH("G4|direct_r_only|estimation|intrcpt",Results_Long!$AK$2:$AK$37,0))),"—",INDEX(Results_Long!$P$2:$P$37,MATCH("G4|direct_r_only|estimation|intrcpt",Results_Long!$AK$2:$AK$37,0))) -> -0.086196589 | G10: =IF(ISBLANK(INDEX(Results_Long!$Q$2:$Q$37,MATCH("G4|direct_r_only|estimation|intrcpt",Results_Long!$AK$2:$AK$37,0))),"—",INDEX(Results_Long!$Q$2:$Q$37,MATCH("G4|direct_r_only|estimation|intrcpt",Results_Long!$AK$2:$AK$37,0))) -> 0.010643118 | H10: =IF(ISBLANK(INDEX(Results_Long!$T$2:$T$37,MATCH("G4|direct_r_only|estimation|intrcpt",Results_Long!$AK$2:$AK$37,0))),"—",INDEX(Results_Long!$T$2:$T$37,MATCH("G4|direct_r_only|estimation|intrcpt",Results_Long!$AK$2:$AK$37,0))) -> -0.037758776 | I10: =IF(ISBLANK(INDEX(Results_Long!$U$2:$U$37,MATCH("G4|direct_r_only|estimation|intrcpt",Results_Long!$AK$2:$AK$37,0))),"—",INDEX(Results_Long!$U$2:$U$37,MATCH("G4|direct_r_only|estimation|intrcpt",Results_Long!$AK$2:$AK$37,0))) -> -0.085983746 | J10: =IF(ISBLANK(INDEX(Results_Long!$V$2:$V$37,MATCH("G4|direct_r_only|estimation|intrcpt",Results_Long!$AK$2:$AK$37,0))),"—",INDEX(Results_Long!$V$2:$V$37,MATCH("G4|direct_r_only|estimation|intrcpt",Results_Long!$AK$2:$AK$37,0))) -> 0.010642716 | K10: =IF(ISBLANK(INDEX(Results_Long!$N$2:$N$37,MATCH("G4|direct_r_only|estimation|intrcpt",Results_Long!$AK$2:$AK$37,0))),"—",INDEX(Results_Long!$N$2:$N$37,MATCH("G4|direct_r_only|estimation|intrcpt",Results_Long!$AK$2:$AK$37,0))) -> 49.503425 | L10: =IF(ISBLANK(INDEX(Results_Long!$O$2:$O$37,MATCH("G4|direct_r_only|estimation|intrcpt",Results_Long!$AK$2:$AK$37,0))),"—",INDEX(Results_Long!$O$2:$O$37,MATCH("G4|direct_r_only|estimation|intrcpt",Results_Long!$AK$2:$AK$37,0))) -> 0.1233804 | M10: =E10-$E$6 -> 0.020870001 | N10: =IF(SIGN(E10)=SIGN($E$6),"yes","no") -> yes | O10: =IF(F10*G10>0,"yes","no") -> no | P10: =IF(ABS(H10)<=0.07,"yes","no") -> yes
A11: G5 pcc_df_k10 | B11: =IF(ISBLANK(INDEX(Results_Long!$H$2:$H$37,MATCH("G5|pcc_df_k10|estimation|intrcpt",Results_Long!$AK$2:$AK$37,0))),"—",INDEX(Results_Long!$H$2:$H$37,MATCH("G5|pcc_df_k10|estimation|intrcpt",Results_Long!$AK$2:$AK$37,0))) -> 2713 | C11: =IF(ISBLANK(INDEX(Results_Long!$I$2:$I$37,MATCH("G5|pcc_df_k10|estimation|intrcpt",Results_Long!$AK$2:$AK$37,0))),"—",INDEX(Results_Long!$I$2:$I$37,MATCH("G5|pcc_df_k10|estimation|intrcpt",Results_Long!$AK$2:$AK$37,0))) -> 115 | D11: =IF(ISBLANK(INDEX(Results_Long!$J$2:$J$37,MATCH("G5|pcc_df_k10|estimation|intrcpt",Results_Long!$AK$2:$AK$37,0))),"—",INDEX(Results_Long!$J$2:$J$37,MATCH("G5|pcc_df_k10|estimation|intrcpt",Results_Long!$AK$2:$AK$37,0))) -> 114 | E11: =IF(ISBLANK(INDEX(Results_Long!$K$2:$K$37,MATCH("G5|pcc_df_k10|estimation|intrcpt",Results_Long!$AK$2:$AK$37,0))),"—",INDEX(Results_Long!$K$2:$K$37,MATCH("G5|pcc_df_k10|estimation|intrcpt",Results_Long!$AK$2:$AK$37,0))) -> -0.058528013 | F11: =IF(ISBLANK(INDEX(Results_Long!$P$2:$P$37,MATCH("G5|pcc_df_k10|estimation|intrcpt",Results_Long!$AK$2:$AK$37,0))),"—",INDEX(Results_Long!$P$2:$P$37,MATCH("G5|pcc_df_k10|estimation|intrcpt",Results_Long!$AK$2:$AK$37,0))) -> -0.086054509 | G11: =IF(ISBLANK(INDEX(Results_Long!$Q$2:$Q$37,MATCH("G5|pcc_df_k10|estimation|intrcpt",Results_Long!$AK$2:$AK$37,0))),"—",INDEX(Results_Long!$Q$2:$Q$37,MATCH("G5|pcc_df_k10|estimation|intrcpt",Results_Long!$AK$2:$AK$37,0))) -> -0.031001516 | H11: =IF(ISBLANK(INDEX(Results_Long!$T$2:$T$37,MATCH("G5|pcc_df_k10|estimation|intrcpt",Results_Long!$AK$2:$AK$37,0))),"—",INDEX(Results_Long!$T$2:$T$37,MATCH("G5|pcc_df_k10|estimation|intrcpt",Results_Long!$AK$2:$AK$37,0))) -> -0.058461274 | I11: =IF(ISBLANK(INDEX(Results_Long!$U$2:$U$37,MATCH("G5|pcc_df_k10|estimation|intrcpt",Results_Long!$AK$2:$AK$37,0))),"—",INDEX(Results_Long!$U$2:$U$37,MATCH("G5|pcc_df_k10|estimation|intrcpt",Results_Long!$AK$2:$AK$37,0))) -> -0.085842715 | J11: =IF(ISBLANK(INDEX(Results_Long!$V$2:$V$37,MATCH("G5|pcc_df_k10|estimation|intrcpt",Results_Long!$AK$2:$AK$37,0))),"—",INDEX(Results_Long!$V$2:$V$37,MATCH("G5|pcc_df_k10|estimation|intrcpt",Results_Long!$AK$2:$AK$37,0))) -> -0.030991588 | K11: =IF(ISBLANK(INDEX(Results_Long!$N$2:$N$37,MATCH("G5|pcc_df_k10|estimation|intrcpt",Results_Long!$AK$2:$AK$37,0))),"—",INDEX(Results_Long!$N$2:$N$37,MATCH("G5|pcc_df_k10|estimation|intrcpt",Results_Long!$AK$2:$AK$37,0))) -> 111.63275 | L11: =IF(ISBLANK(INDEX(Results_Long!$O$2:$O$37,MATCH("G5|pcc_df_k10|estimation|intrcpt",Results_Long!$AK$2:$AK$37,0))),"—",INDEX(Results_Long!$O$2:$O$37,MATCH("G5|pcc_df_k10|estimation|intrcpt",Results_Long!$AK$2:$AK$37,0))) -> 5.1297295e-05 | M11: =E11-$E$6 -> 0.00011872392 | N11: =IF(SIGN(E11)=SIGN($E$6),"yes","no") -> yes | O11: =IF(F11*G11>0,"yes","no") -> yes | P11: =IF(ABS(H11)<=0.07,"yes","no") -> yes
A12: G5 pcc_df_k20 | B12: =IF(ISBLANK(INDEX(Results_Long!$H$2:$H$37,MATCH("G5|pcc_df_k20|estimation|intrcpt",Results_Long!$AK$2:$AK$37,0))),"—",INDEX(Results_Long!$H$2:$H$37,MATCH("G5|pcc_df_k20|estimation|intrcpt",Results_Long!$AK$2:$AK$37,0))) -> 2712 | C12: =IF(ISBLANK(INDEX(Results_Long!$I$2:$I$37,MATCH("G5|pcc_df_k20|estimation|intrcpt",Results_Long!$AK$2:$AK$37,0))),"—",INDEX(Results_Long!$I$2:$I$37,MATCH("G5|pcc_df_k20|estimation|intrcpt",Results_Long!$AK$2:$AK$37,0))) -> 115 | D12: =IF(ISBLANK(INDEX(Results_Long!$J$2:$J$37,MATCH("G5|pcc_df_k20|estimation|intrcpt",Results_Long!$AK$2:$AK$37,0))),"—",INDEX(Results_Long!$J$2:$J$37,MATCH("G5|pcc_df_k20|estimation|intrcpt",Results_Long!$AK$2:$AK$37,0))) -> 114 | E12: =IF(ISBLANK(INDEX(Results_Long!$K$2:$K$37,MATCH("G5|pcc_df_k20|estimation|intrcpt",Results_Long!$AK$2:$AK$37,0))),"—",INDEX(Results_Long!$K$2:$K$37,MATCH("G5|pcc_df_k20|estimation|intrcpt",Results_Long!$AK$2:$AK$37,0))) -> -0.058005717 | F12: =IF(ISBLANK(INDEX(Results_Long!$P$2:$P$37,MATCH("G5|pcc_df_k20|estimation|intrcpt",Results_Long!$AK$2:$AK$37,0))),"—",INDEX(Results_Long!$P$2:$P$37,MATCH("G5|pcc_df_k20|estimation|intrcpt",Results_Long!$AK$2:$AK$37,0))) -> -0.085619616 | G12: =IF(ISBLANK(INDEX(Results_Long!$Q$2:$Q$37,MATCH("G5|pcc_df_k20|estimation|intrcpt",Results_Long!$AK$2:$AK$37,0))),"—",INDEX(Results_Long!$Q$2:$Q$37,MATCH("G5|pcc_df_k20|estimation|intrcpt",Results_Long!$AK$2:$AK$37,0))) -> -0.030391819 | H12: =IF(ISBLANK(INDEX(Results_Long!$T$2:$T$37,MATCH("G5|pcc_df_k20|estimation|intrcpt",Results_Long!$AK$2:$AK$37,0))),"—",INDEX(Results_Long!$T$2:$T$37,MATCH("G5|pcc_df_k20|estimation|intrcpt",Results_Long!$AK$2:$AK$37,0))) -> -0.057940748 | I12: =IF(ISBLANK(INDEX(Results_Long!$U$2:$U$37,MATCH("G5|pcc_df_k20|estimation|intrcpt",Results_Long!$AK$2:$AK$37,0))),"—",INDEX(Results_Long!$U$2:$U$37,MATCH("G5|pcc_df_k20|estimation|intrcpt",Results_Long!$AK$2:$AK$37,0))) -> -0.08541101 | J12: =IF(ISBLANK(INDEX(Results_Long!$V$2:$V$37,MATCH("G5|pcc_df_k20|estimation|intrcpt",Results_Long!$AK$2:$AK$37,0))),"—",INDEX(Results_Long!$V$2:$V$37,MATCH("G5|pcc_df_k20|estimation|intrcpt",Results_Long!$AK$2:$AK$37,0))) -> -0.030382465 | K12: =IF(ISBLANK(INDEX(Results_Long!$N$2:$N$37,MATCH("G5|pcc_df_k20|estimation|intrcpt",Results_Long!$AK$2:$AK$37,0))),"—",INDEX(Results_Long!$N$2:$N$37,MATCH("G5|pcc_df_k20|estimation|intrcpt",Results_Long!$AK$2:$AK$37,0))) -> 111.57395 | L12: =IF(ISBLANK(INDEX(Results_Long!$O$2:$O$37,MATCH("G5|pcc_df_k20|estimation|intrcpt",Results_Long!$AK$2:$AK$37,0))),"—",INDEX(Results_Long!$O$2:$O$37,MATCH("G5|pcc_df_k20|estimation|intrcpt",Results_Long!$AK$2:$AK$37,0))) -> 6.2250522e-05 | M12: =E12-$E$6 -> 0.0006410192 | N12: =IF(SIGN(E12)=SIGN($E$6),"yes","no") -> yes | O12: =IF(F12*G12>0,"yes","no") -> yes | P12: =IF(ABS(H12)<=0.07,"yes","no") -> yes
A13: G6 one_per_cluster_median | B13: =IF(ISBLANK(INDEX(Results_Long!$H$2:$H$37,MATCH("G6|one_per_cluster_median|aggregate|intrcpt",Results_Long!$AK$2:$AK$37,0))),"—",INDEX(Results_Long!$H$2:$H$37,MATCH("G6|one_per_cluster_median|aggregate|intrcpt",Results_Long!$AK$2:$AK$37,0))) -> — | C13: =IF(ISBLANK(INDEX(Results_Long!$I$2:$I$37,MATCH("G6|one_per_cluster_median|aggregate|intrcpt",Results_Long!$AK$2:$AK$37,0))),"—",INDEX(Results_Long!$I$2:$I$37,MATCH("G6|one_per_cluster_median|aggregate|intrcpt",Results_Long!$AK$2:$AK$37,0))) -> — | D13: =IF(ISBLANK(INDEX(Results_Long!$J$2:$J$37,MATCH("G6|one_per_cluster_median|aggregate|intrcpt",Results_Long!$AK$2:$AK$37,0))),"—",INDEX(Results_Long!$J$2:$J$37,MATCH("G6|one_per_cluster_median|aggregate|intrcpt",Results_Long!$AK$2:$AK$37,0))) -> — | E13: =IF(ISBLANK(INDEX(Results_Long!$K$2:$K$37,MATCH("G6|one_per_cluster_median|aggregate|intrcpt",Results_Long!$AK$2:$AK$37,0))),"—",INDEX(Results_Long!$K$2:$K$37,MATCH("G6|one_per_cluster_median|aggregate|intrcpt",Results_Long!$AK$2:$AK$37,0))) -> -0.061991376 | F13: =IF(ISBLANK(INDEX(Results_Long!$P$2:$P$37,MATCH("G6|one_per_cluster_median|aggregate|intrcpt",Results_Long!$AK$2:$AK$37,0))),"—",INDEX(Results_Long!$P$2:$P$37,MATCH("G6|one_per_cluster_median|aggregate|intrcpt",Results_Long!$AK$2:$AK$37,0))) -> -0.093843293 | G13: =IF(ISBLANK(INDEX(Results_Long!$Q$2:$Q$37,MATCH("G6|one_per_cluster_median|aggregate|intrcpt",Results_Long!$AK$2:$AK$37,0))),"—",INDEX(Results_Long!$Q$2:$Q$37,MATCH("G6|one_per_cluster_median|aggregate|intrcpt",Results_Long!$AK$2:$AK$37,0))) -> -0.030139459 | H13: =IF(ISBLANK(INDEX(Results_Long!$T$2:$T$37,MATCH("G6|one_per_cluster_median|aggregate|intrcpt",Results_Long!$AK$2:$AK$37,0))),"—",INDEX(Results_Long!$T$2:$T$37,MATCH("G6|one_per_cluster_median|aggregate|intrcpt",Results_Long!$AK$2:$AK$37,0))) -> -0.061912089 | I13: =IF(ISBLANK(INDEX(Results_Long!$U$2:$U$37,MATCH("G6|one_per_cluster_median|aggregate|intrcpt",Results_Long!$AK$2:$AK$37,0))),"—",INDEX(Results_Long!$U$2:$U$37,MATCH("G6|one_per_cluster_median|aggregate|intrcpt",Results_Long!$AK$2:$AK$37,0))) -> -0.093568781 | J13: =IF(ISBLANK(INDEX(Results_Long!$V$2:$V$37,MATCH("G6|one_per_cluster_median|aggregate|intrcpt",Results_Long!$AK$2:$AK$37,0))),"—",INDEX(Results_Long!$V$2:$V$37,MATCH("G6|one_per_cluster_median|aggregate|intrcpt",Results_Long!$AK$2:$AK$37,0))) -> -0.030130337 | K13: =IF(ISBLANK(INDEX(Results_Long!$N$2:$N$37,MATCH("G6|one_per_cluster_median|aggregate|intrcpt",Results_Long!$AK$2:$AK$37,0))),"—",INDEX(Results_Long!$N$2:$N$37,MATCH("G6|one_per_cluster_median|aggregate|intrcpt",Results_Long!$AK$2:$AK$37,0))) -> 113 | L13: =IF(ISBLANK(INDEX(Results_Long!$O$2:$O$37,MATCH("G6|one_per_cluster_median|aggregate|intrcpt",Results_Long!$AK$2:$AK$37,0))),"—",INDEX(Results_Long!$O$2:$O$37,MATCH("G6|one_per_cluster_median|aggregate|intrcpt",Results_Long!$AK$2:$AK$37,0))) -> 0.00019212486 | M13: =E13-$E$6 -> -0.0033446397 | N13: =IF(SIGN(E13)=SIGN($E$6),"yes","no") -> yes | O13: =IF(F13*G13>0,"yes","no") -> yes | P13: =IF(ABS(H13)<=0.07,"yes","no") -> yes
A15: Interpretation
A16: Five variants reproduce the headline within .008 on the r scale (G1, G3, G5-k10, G5-k20, G6); the assumption-free cluster-median aggregate (−.062) brackets the rho-based headline from below.
A17: Two variants attenuate: G2 (−.038, the narrowest CI of the panel) and G4 (−.038 on 52 studies, CI covering zero); both retain the negative sign and sit inside the SESOI band.
A18: G4 is near-identical to the G9 bivariate cell (Δ = 2 ES / 1 study) — cross-referenced, not an independent check [DEC-050 §6].
A20: Reviewer Q&A — Finance/Econometrics
A21: Question | B21: Answer
A22: Why is there no significance test of each variant against the headline? | B22: Nested-subset differences carry no valid SE [DEC-031a.6]; joint specification inference is single-homed in the N5 multiverse permutation. The Δ column is a descriptive location shift.
A23: What explains the G2 shift? | B23: Mechanically, removing the flagged proxy-filled sample-size rows — drop 296 rows; 297 on the usable basis incl. 134 FLAG-based; one tagged duplicate exits at the estimation filter [DEC-050a] — moves the pooled estimate to −.038 and narrows the CI. The proxy convention itself is pre-registered [R-19]; this drop-spec is its pre-registered stress test.
A25: Reviewer Q&A — Management/BSE
A26: Question | B26: Answer
A27: Does any variant overturn the headline reading? | B27: No: 7/7 negative signs, 7/7 inside the SESOI band, 6/7 CIs excluding zero; the single zero-covering CI (G4) belongs to the 52-study direct-correlation subset and is disclosed [TB-66].
A29: Mechanical outcome: all seven variants retain the negative sign inside |r| ≤ .070; range r = −.038 to −.062; two disclosed attenuations (G2, G4); wording per the resolved gate [DEC-047].

Sheet 7_Panel_qVHB
A1: G7 — Journal-quality panel (q_VHB): 1_VHB high · 0_VHB low · 99_NCE
A2: 99_NCE cell retained per D31.4; publication-status inference single-homed in D5 (cross-reference only)
A3: All cells formula-linked to Results_Long; HTZ + pairwise z-only, descriptive [DEC-047]
A5: Level | B5: k_es | C5: k_cluster | D5: est_z | E5: CI_z low | F5: CI_z high | G5: est_r | H5: CI_r low | I5: CI_r high | J5: df | K5: p
A6: 1_VHB high | B6: =IF(ISBLANK(INDEX(Results_Long!$H$2:$H$37,MATCH("G7|panel_q_vhb|1_VHB high|cell_mean",Results_Long!$AK$2:$AK$37,0))),"—",INDEX(Results_Long!$H$2:$H$37,MATCH("G7|panel_q_vhb|1_VHB high|cell_mean",Results_Long!$AK$2:$AK$37,0))) -> 1591 | C6: =IF(ISBLANK(INDEX(Results_Long!$J$2:$J$37,MATCH("G7|panel_q_vhb|1_VHB high|cell_mean",Results_Long!$AK$2:$AK$37,0))),"—",INDEX(Results_Long!$J$2:$J$37,MATCH("G7|panel_q_vhb|1_VHB high|cell_mean",Results_Long!$AK$2:$AK$37,0))) -> 73 | D6: =IF(ISBLANK(INDEX(Results_Long!$K$2:$K$37,MATCH("G7|panel_q_vhb|1_VHB high|cell_mean",Results_Long!$AK$2:$AK$37,0))),"—",INDEX(Results_Long!$K$2:$K$37,MATCH("G7|panel_q_vhb|1_VHB high|cell_mean",Results_Long!$AK$2:$AK$37,0))) -> -0.060016051 | E6: =IF(ISBLANK(INDEX(Results_Long!$P$2:$P$37,MATCH("G7|panel_q_vhb|1_VHB high|cell_mean",Results_Long!$AK$2:$AK$37,0))),"—",INDEX(Results_Long!$P$2:$P$37,MATCH("G7|panel_q_vhb|1_VHB high|cell_mean",Results_Long!$AK$2:$AK$37,0))) -> -0.10072745 | F6: =IF(ISBLANK(INDEX(Results_Long!$Q$2:$Q$37,MATCH("G7|panel_q_vhb|1_VHB high|cell_mean",Results_Long!$AK$2:$AK$37,0))),"—",INDEX(Results_Long!$Q$2:$Q$37,MATCH("G7|panel_q_vhb|1_VHB high|cell_mean",Results_Long!$AK$2:$AK$37,0))) -> -0.019304652 | G6: =IF(ISBLANK(INDEX(Results_Long!$T$2:$T$37,MATCH("G7|panel_q_vhb|1_VHB high|cell_mean",Results_Long!$AK$2:$AK$37,0))),"—",INDEX(Results_Long!$T$2:$T$37,MATCH("G7|panel_q_vhb|1_VHB high|cell_mean",Results_Long!$AK$2:$AK$37,0))) -> -0.059944097 | H6: =IF(ISBLANK(INDEX(Results_Long!$U$2:$U$37,MATCH("G7|panel_q_vhb|1_VHB high|cell_mean",Results_Long!$AK$2:$AK$37,0))),"—",INDEX(Results_Long!$U$2:$U$37,MATCH("G7|panel_q_vhb|1_VHB high|cell_mean",Results_Long!$AK$2:$AK$37,0))) -> -0.10038817 | I6: =IF(ISBLANK(INDEX(Results_Long!$V$2:$V$37,MATCH("G7|panel_q_vhb|1_VHB high|cell_mean",Results_Long!$AK$2:$AK$37,0))),"—",INDEX(Results_Long!$V$2:$V$37,MATCH("G7|panel_q_vhb|1_VHB high|cell_mean",Results_Long!$AK$2:$AK$37,0))) -> -0.019302254 | J6: =IF(ISBLANK(INDEX(Results_Long!$N$2:$N$37,MATCH("G7|panel_q_vhb|1_VHB high|cell_mean",Results_Long!$AK$2:$AK$37,0))),"—",INDEX(Results_Long!$N$2:$N$37,MATCH("G7|panel_q_vhb|1_VHB high|cell_mean",Results_Long!$AK$2:$AK$37,0))) -> 71.558782 | K6: =IF(ISBLANK(INDEX(Results_Long!$O$2:$O$37,MATCH("G7|panel_q_vhb|1_VHB high|cell_mean",Results_Long!$AK$2:$AK$37,0))),"—",INDEX(Results_Long!$O$2:$O$37,MATCH("G7|panel_q_vhb|1_VHB high|cell_mean",Results_Long!$AK$2:$AK$37,0))) -> 0.0044293243
A7: 0_VHB low | B7: =IF(ISBLANK(INDEX(Results_Long!$H$2:$H$37,MATCH("G7|panel_q_vhb|0_VHB low|cell_mean",Results_Long!$AK$2:$AK$37,0))),"—",INDEX(Results_Long!$H$2:$H$37,MATCH("G7|panel_q_vhb|0_VHB low|cell_mean",Results_Long!$AK$2:$AK$37,0))) -> 442 | C7: =IF(ISBLANK(INDEX(Results_Long!$J$2:$J$37,MATCH("G7|panel_q_vhb|0_VHB low|cell_mean",Results_Long!$AK$2:$AK$37,0))),"—",INDEX(Results_Long!$J$2:$J$37,MATCH("G7|panel_q_vhb|0_VHB low|cell_mean",Results_Long!$AK$2:$AK$37,0))) -> 27 | D7: =IF(ISBLANK(INDEX(Results_Long!$K$2:$K$37,MATCH("G7|panel_q_vhb|0_VHB low|cell_mean",Results_Long!$AK$2:$AK$37,0))),"—",INDEX(Results_Long!$K$2:$K$37,MATCH("G7|panel_q_vhb|0_VHB low|cell_mean",Results_Long!$AK$2:$AK$37,0))) -> -0.056196632 | E7: =IF(ISBLANK(INDEX(Results_Long!$P$2:$P$37,MATCH("G7|panel_q_vhb|0_VHB low|cell_mean",Results_Long!$AK$2:$AK$37,0))),"—",INDEX(Results_Long!$P$2:$P$37,MATCH("G7|panel_q_vhb|0_VHB low|cell_mean",Results_Long!$AK$2:$AK$37,0))) -> -0.087321169 | F7: =IF(ISBLANK(INDEX(Results_Long!$Q$2:$Q$37,MATCH("G7|panel_q_vhb|0_VHB low|cell_mean",Results_Long!$AK$2:$AK$37,0))),"—",INDEX(Results_Long!$Q$2:$Q$37,MATCH("G7|panel_q_vhb|0_VHB low|cell_mean",Results_Long!$AK$2:$AK$37,0))) -> -0.025072096 | G7: =IF(ISBLANK(INDEX(Results_Long!$T$2:$T$37,MATCH("G7|panel_q_vhb|0_VHB low|cell_mean",Results_Long!$AK$2:$AK$37,0))),"—",INDEX(Results_Long!$T$2:$T$37,MATCH("G7|panel_q_vhb|0_VHB low|cell_mean",Results_Long!$AK$2:$AK$37,0))) -> -0.056137549 | H7: =IF(ISBLANK(INDEX(Results_Long!$U$2:$U$37,MATCH("G7|panel_q_vhb|0_VHB low|cell_mean",Results_Long!$AK$2:$AK$37,0))),"—",INDEX(Results_Long!$U$2:$U$37,MATCH("G7|panel_q_vhb|0_VHB low|cell_mean",Results_Long!$AK$2:$AK$37,0))) -> -0.087099903 | I7: =IF(ISBLANK(INDEX(Results_Long!$V$2:$V$37,MATCH("G7|panel_q_vhb|0_VHB low|cell_mean",Results_Long!$AK$2:$AK$37,0))),"—",INDEX(Results_Long!$V$2:$V$37,MATCH("G7|panel_q_vhb|0_VHB low|cell_mean",Results_Long!$AK$2:$AK$37,0))) -> -0.025066844 | J7: =IF(ISBLANK(INDEX(Results_Long!$N$2:$N$37,MATCH("G7|panel_q_vhb|0_VHB low|cell_mean",Results_Long!$AK$2:$AK$37,0))),"—",INDEX(Results_Long!$N$2:$N$37,MATCH("G7|panel_q_vhb|0_VHB low|cell_mean",Results_Long!$AK$2:$AK$37,0))) -> 25.312748 | K7: =IF(ISBLANK(INDEX(Results_Long!$O$2:$O$37,MATCH("G7|panel_q_vhb|0_VHB low|cell_mean",Results_Long!$AK$2:$AK$37,0))),"—",INDEX(Results_Long!$O$2:$O$37,MATCH("G7|panel_q_vhb|0_VHB low|cell_mean",Results_Long!$AK$2:$AK$37,0))) -> 0.0010074756
A8: 99_NCE | B8: =IF(ISBLANK(INDEX(Results_Long!$H$2:$H$37,MATCH("G7|panel_q_vhb|99_NCE|cell_mean",Results_Long!$AK$2:$AK$37,0))),"—",INDEX(Results_Long!$H$2:$H$37,MATCH("G7|panel_q_vhb|99_NCE|cell_mean",Results_Long!$AK$2:$AK$37,0))) -> 680 | C8: =IF(ISBLANK(INDEX(Results_Long!$J$2:$J$37,MATCH("G7|panel_q_vhb|99_NCE|cell_mean",Results_Long!$AK$2:$AK$37,0))),"—",INDEX(Results_Long!$J$2:$J$37,MATCH("G7|panel_q_vhb|99_NCE|cell_mean",Results_Long!$AK$2:$AK$37,0))) -> 14 | D8: =IF(ISBLANK(INDEX(Results_Long!$K$2:$K$37,MATCH("G7|panel_q_vhb|99_NCE|cell_mean",Results_Long!$AK$2:$AK$37,0))),"—",INDEX(Results_Long!$K$2:$K$37,MATCH("G7|panel_q_vhb|99_NCE|cell_mean",Results_Long!$AK$2:$AK$37,0))) -> -0.056558164 | E8: =IF(ISBLANK(INDEX(Results_Long!$P$2:$P$37,MATCH("G7|panel_q_vhb|99_NCE|cell_mean",Results_Long!$AK$2:$AK$37,0))),"—",INDEX(Results_Long!$P$2:$P$37,MATCH("G7|panel_q_vhb|99_NCE|cell_mean",Results_Long!$AK$2:$AK$37,0))) -> -0.10386193 | F8: =IF(ISBLANK(INDEX(Results_Long!$Q$2:$Q$37,MATCH("G7|panel_q_vhb|99_NCE|cell_mean",Results_Long!$AK$2:$AK$37,0))),"—",INDEX(Results_Long!$Q$2:$Q$37,MATCH("G7|panel_q_vhb|99_NCE|cell_mean",Results_Long!$AK$2:$AK$37,0))) -> -0.0092544007 | G8: =IF(ISBLANK(INDEX(Results_Long!$T$2:$T$37,MATCH("G7|panel_q_vhb|99_NCE|cell_mean",Results_Long!$AK$2:$AK$37,0))),"—",INDEX(Results_Long!$T$2:$T$37,MATCH("G7|panel_q_vhb|99_NCE|cell_mean",Results_Long!$AK$2:$AK$37,0))) -> -0.056497934 | H8: =IF(ISBLANK(INDEX(Results_Long!$U$2:$U$37,MATCH("G7|panel_q_vhb|99_NCE|cell_mean",Results_Long!$AK$2:$AK$37,0))),"—",INDEX(Results_Long!$U$2:$U$37,MATCH("G7|panel_q_vhb|99_NCE|cell_mean",Results_Long!$AK$2:$AK$37,0))) -> -0.10349007 | I8: =IF(ISBLANK(INDEX(Results_Long!$V$2:$V$37,MATCH("G7|panel_q_vhb|99_NCE|cell_mean",Results_Long!$AK$2:$AK$37,0))),"—",INDEX(Results_Long!$V$2:$V$37,MATCH("G7|panel_q_vhb|99_NCE|cell_mean",Results_Long!$AK$2:$AK$37,0))) -> -0.0092541365 | J8: =IF(ISBLANK(INDEX(Results_Long!$N$2:$N$37,MATCH("G7|panel_q_vhb|99_NCE|cell_mean",Results_Long!$AK$2:$AK$37,0))),"—",INDEX(Results_Long!$N$2:$N$37,MATCH("G7|panel_q_vhb|99_NCE|cell_mean",Results_Long!$AK$2:$AK$37,0))) -> 12.98801 | K8: =IF(ISBLANK(INDEX(Results_Long!$O$2:$O$37,MATCH("G7|panel_q_vhb|99_NCE|cell_mean",Results_Long!$AK$2:$AK$37,0))),"—",INDEX(Results_Long!$O$2:$O$37,MATCH("G7|panel_q_vhb|99_NCE|cell_mean",Results_Long!$AK$2:$AK$37,0))) -> 0.022729385
A10: Test (z-only) | B10: df | C10: p | D10: note (carries F and df_num verbatim)
A11: HTZ omnibus | B11: =IF(ISBLANK(INDEX(Results_Long!$N$2:$N$37,MATCH("G7|panel_q_vhb|panel|HTZ_omnibus",Results_Long!$AK$2:$AK$37,0))),"—",INDEX(Results_Long!$N$2:$N$37,MATCH("G7|panel_q_vhb|panel|HTZ_omnibus",Results_Long!$AK$2:$AK$37,0))) -> 34.747536 | C11: =IF(ISBLANK(INDEX(Results_Long!$O$2:$O$37,MATCH("G7|panel_q_vhb|panel|HTZ_omnibus",Results_Long!$AK$2:$AK$37,0))),"—",INDEX(Results_Long!$O$2:$O$37,MATCH("G7|panel_q_vhb|panel|HTZ_omnibus",Results_Long!$AK$2:$AK$37,0))) -> 0.98833018 | D11: =IF(ISBLANK(INDEX(Results_Long!$AJ$2:$AJ$37,MATCH("G7|panel_q_vhb|panel|HTZ_omnibus",Results_Long!$AK$2:$AK$37,0))),"—",INDEX(Results_Long!$AJ$2:$AJ$37,MATCH("G7|panel_q_vhb|panel|HTZ_omnibus",Results_Long!$AK$2:$AK$37,0))) -> F=0.0117, df_num=2.0; descriptive [DEC-047]
A13: Contrast (z-only) | B13: Δz | C13: CI_z low | D13: CI_z high | E13: df | F13: p | G13: flag
A14: 1_VHB high vs 0_VHB low | B14: =IF(ISBLANK(INDEX(Results_Long!$K$2:$K$37,MATCH("G7|panel_q_vhb|1_VHB high vs 0_VHB low|pairwise_contrast",Results_Long!$AK$2:$AK$37,0))),"—",INDEX(Results_Long!$K$2:$K$37,MATCH("G7|panel_q_vhb|1_VHB high vs 0_VHB low|pairwise_contrast",Results_Long!$AK$2:$AK$37,0))) -> -0.0038194187 | C14: =IF(ISBLANK(INDEX(Results_Long!$P$2:$P$37,MATCH("G7|panel_q_vhb|1_VHB high vs 0_VHB low|pairwise_contrast",Results_Long!$AK$2:$AK$37,0))),"—",INDEX(Results_Long!$P$2:$P$37,MATCH("G7|panel_q_vhb|1_VHB high vs 0_VHB low|pairwise_contrast",Results_Long!$AK$2:$AK$37,0))) -> — | D14: =IF(ISBLANK(INDEX(Results_Long!$Q$2:$Q$37,MATCH("G7|panel_q_vhb|1_VHB high vs 0_VHB low|pairwise_contrast",Results_Long!$AK$2:$AK$37,0))),"—",INDEX(Results_Long!$Q$2:$Q$37,MATCH("G7|panel_q_vhb|1_VHB high vs 0_VHB low|pairwise_contrast",Results_Long!$AK$2:$AK$37,0))) -> — | E14: =IF(ISBLANK(INDEX(Results_Long!$N$2:$N$37,MATCH("G7|panel_q_vhb|1_VHB high vs 0_VHB low|pairwise_contrast",Results_Long!$AK$2:$AK$37,0))),"—",INDEX(Results_Long!$N$2:$N$37,MATCH("G7|panel_q_vhb|1_VHB high vs 0_VHB low|pairwise_contrast",Results_Long!$AK$2:$AK$37,0))) -> 43.600743 | F14: =IF(ISBLANK(INDEX(Results_Long!$O$2:$O$37,MATCH("G7|panel_q_vhb|1_VHB high vs 0_VHB low|pairwise_contrast",Results_Long!$AK$2:$AK$37,0))),"—",INDEX(Results_Long!$O$2:$O$37,MATCH("G7|panel_q_vhb|1_VHB high vs 0_VHB low|pairwise_contrast",Results_Long!$AK$2:$AK$37,0))) -> 0.88121112 | G14: =IF(INDEX(Results_Long!$N$2:$N$37,MATCH("G7|panel_q_vhb|1_VHB high vs 0_VHB low|pairwise_contrast",Results_Long!$AK$2:$AK$37,0))<5,"df < 5 — descriptive","")
A15: 1_VHB high vs 99_NCE | B15: =IF(ISBLANK(INDEX(Results_Long!$K$2:$K$37,MATCH("G7|panel_q_vhb|1_VHB high vs 99_NCE|pairwise_contrast",Results_Long!$AK$2:$AK$37,0))),"—",INDEX(Results_Long!$K$2:$K$37,MATCH("G7|panel_q_vhb|1_VHB high vs 99_NCE|pairwise_contrast",Results_Long!$AK$2:$AK$37,0))) -> -0.0034578871 | C15: =IF(ISBLANK(INDEX(Results_Long!$P$2:$P$37,MATCH("G7|panel_q_vhb|1_VHB high vs 99_NCE|pairwise_contrast",Results_Long!$AK$2:$AK$37,0))),"—",INDEX(Results_Long!$P$2:$P$37,MATCH("G7|panel_q_vhb|1_VHB high vs 99_NCE|pairwise_contrast",Results_Long!$AK$2:$AK$37,0))) -> — | D15: =IF(ISBLANK(INDEX(Results_Long!$Q$2:$Q$37,MATCH("G7|panel_q_vhb|1_VHB high vs 99_NCE|pairwise_contrast",Results_Long!$AK$2:$AK$37,0))),"—",INDEX(Results_Long!$Q$2:$Q$37,MATCH("G7|panel_q_vhb|1_VHB high vs 99_NCE|pairwise_contrast",Results_Long!$AK$2:$AK$37,0))) -> — | E15: =IF(ISBLANK(INDEX(Results_Long!$N$2:$N$37,MATCH("G7|panel_q_vhb|1_VHB high vs 99_NCE|pairwise_contrast",Results_Long!$AK$2:$AK$37,0))),"—",INDEX(Results_Long!$N$2:$N$37,MATCH("G7|panel_q_vhb|1_VHB high vs 99_NCE|pairwise_contrast",Results_Long!$AK$2:$AK$37,0))) -> 18.613556 | F15: =IF(ISBLANK(INDEX(Results_Long!$O$2:$O$37,MATCH("G7|panel_q_vhb|1_VHB high vs 99_NCE|pairwise_contrast",Results_Long!$AK$2:$AK$37,0))),"—",INDEX(Results_Long!$O$2:$O$37,MATCH("G7|panel_q_vhb|1_VHB high vs 99_NCE|pairwise_contrast",Results_Long!$AK$2:$AK$37,0))) -> 0.90928732 | G15: =IF(INDEX(Results_Long!$N$2:$N$37,MATCH("G7|panel_q_vhb|1_VHB high vs 99_NCE|pairwise_contrast",Results_Long!$AK$2:$AK$37,0))<5,"df < 5 — descriptive","")
A16: 0_VHB low vs 99_NCE | B16: =IF(ISBLANK(INDEX(Results_Long!$K$2:$K$37,MATCH("G7|panel_q_vhb|0_VHB low vs 99_NCE|pairwise_contrast",Results_Long!$AK$2:$AK$37,0))),"—",INDEX(Results_Long!$K$2:$K$37,MATCH("G7|panel_q_vhb|0_VHB low vs 99_NCE|pairwise_contrast",Results_Long!$AK$2:$AK$37,0))) -> 0.00036153168 | C16: =IF(ISBLANK(INDEX(Results_Long!$P$2:$P$37,MATCH("G7|panel_q_vhb|0_VHB low vs 99_NCE|pairwise_contrast",Results_Long!$AK$2:$AK$37,0))),"—",INDEX(Results_Long!$P$2:$P$37,MATCH("G7|panel_q_vhb|0_VHB low vs 99_NCE|pairwise_contrast",Results_Long!$AK$2:$AK$37,0))) -> — | D16: =IF(ISBLANK(INDEX(Results_Long!$Q$2:$Q$37,MATCH("G7|panel_q_vhb|0_VHB low vs 99_NCE|pairwise_contrast",Results_Long!$AK$2:$AK$37,0))),"—",INDEX(Results_Long!$Q$2:$Q$37,MATCH("G7|panel_q_vhb|0_VHB low vs 99_NCE|pairwise_contrast",Results_Long!$AK$2:$AK$37,0))) -> — | E16: =IF(ISBLANK(INDEX(Results_Long!$N$2:$N$37,MATCH("G7|panel_q_vhb|0_VHB low vs 99_NCE|pairwise_contrast",Results_Long!$AK$2:$AK$37,0))),"—",INDEX(Results_Long!$N$2:$N$37,MATCH("G7|panel_q_vhb|0_VHB low vs 99_NCE|pairwise_contrast",Results_Long!$AK$2:$AK$37,0))) -> 27.959093 | F16: =IF(ISBLANK(INDEX(Results_Long!$O$2:$O$37,MATCH("G7|panel_q_vhb|0_VHB low vs 99_NCE|pairwise_contrast",Results_Long!$AK$2:$AK$37,0))),"—",INDEX(Results_Long!$O$2:$O$37,MATCH("G7|panel_q_vhb|0_VHB low vs 99_NCE|pairwise_contrast",Results_Long!$AK$2:$AK$37,0))) -> 0.98925598 | G16: =IF(INDEX(Results_Long!$N$2:$N$37,MATCH("G7|panel_q_vhb|0_VHB low vs 99_NCE|pairwise_contrast",Results_Long!$AK$2:$AK$37,0))<5,"df < 5 — descriptive","")
A18: Interpretation
A19: The three cells sit within .004 of each other on the r scale (−.056 to −.060); HTZ p = .988.
A20: The not-classified cell (680 ES / 14 clusters) is indistinguishable from the classified cells here; any selection-based reading belongs to the D5 selection-model block.
A22: Reviewer Q&A — Finance/Econometrics
A23: Question | B23: Answer
A24: Why keep the not-classified (99_NCE) cell in a quality panel? | B24: It was pre-registered per D31.4; dropping it after seeing results would be a result-contingent design change. Publication-status inference is single-homed in D5; this cell is descriptive.
A25: Why no multiplicity control over the three pairwise contrasts? | B25: Level-only technical panel with no moderation claim; descriptive regime per DEC-047/DEC-050 §4 — a Holm line would suggest an inferential family that is not claimed.
A27: Reviewer Q&A — Management/BSE
A28: Question | B28: Answer
A29: Does journal quality change the headline association? | B29: No indication: all three cells within .004 on the r scale, HTZ p = .988, all pairwise |Δz| ≤ .004. The high-vs-low feature is the text-carrying contrast [TB-67].
A31: Mechanical outcome: cell means r = −.056 to −.060; HTZ F = 0.01 (df = 34.7, p = .988); all pairwise |Δz| ≤ .004 — no quality gradient indicated; wording per the resolved gate [DEC-047].

Sheet 8_Panel_Field
A1: G8 — Research-field panel (field): 1_fin/acc/econ · 2_sust · 3_mgmt
A2: Field of the publishing journal; level panel only
A3: All cells formula-linked to Results_Long; HTZ + pairwise z-only, descriptive [DEC-047]
A5: Level | B5: k_es | C5: k_cluster | D5: est_z | E5: CI_z low | F5: CI_z high | G5: est_r | H5: CI_r low | I5: CI_r high | J5: df | K5: p
A6: 1_fin/acc/econ | B6: =IF(ISBLANK(INDEX(Results_Long!$H$2:$H$37,MATCH("G8|panel_field|1_fin/acc/econ|cell_mean",Results_Long!$AK$2:$AK$37,0))),"—",INDEX(Results_Long!$H$2:$H$37,MATCH("G8|panel_field|1_fin/acc/econ|cell_mean",Results_Long!$AK$2:$AK$37,0))) -> 1852 | C6: =IF(ISBLANK(INDEX(Results_Long!$J$2:$J$37,MATCH("G8|panel_field|1_fin/acc/econ|cell_mean",Results_Long!$AK$2:$AK$37,0))),"—",INDEX(Results_Long!$J$2:$J$37,MATCH("G8|panel_field|1_fin/acc/econ|cell_mean",Results_Long!$AK$2:$AK$37,0))) -> 67 | D6: =IF(ISBLANK(INDEX(Results_Long!$K$2:$K$37,MATCH("G8|panel_field|1_fin/acc/econ|cell_mean",Results_Long!$AK$2:$AK$37,0))),"—",INDEX(Results_Long!$K$2:$K$37,MATCH("G8|panel_field|1_fin/acc/econ|cell_mean",Results_Long!$AK$2:$AK$37,0))) -> -0.045589697 | E6: =IF(ISBLANK(INDEX(Results_Long!$P$2:$P$37,MATCH("G8|panel_field|1_fin/acc/econ|cell_mean",Results_Long!$AK$2:$AK$37,0))),"—",INDEX(Results_Long!$P$2:$P$37,MATCH("G8|panel_field|1_fin/acc/econ|cell_mean",Results_Long!$AK$2:$AK$37,0))) -> -0.060936196 | F6: =IF(ISBLANK(INDEX(Results_Long!$Q$2:$Q$37,MATCH("G8|panel_field|1_fin/acc/econ|cell_mean",Results_Long!$AK$2:$AK$37,0))),"—",INDEX(Results_Long!$Q$2:$Q$37,MATCH("G8|panel_field|1_fin/acc/econ|cell_mean",Results_Long!$AK$2:$AK$37,0))) -> -0.030243199 | G6: =IF(ISBLANK(INDEX(Results_Long!$T$2:$T$37,MATCH("G8|panel_field|1_fin/acc/econ|cell_mean",Results_Long!$AK$2:$AK$37,0))),"—",INDEX(Results_Long!$T$2:$T$37,MATCH("G8|panel_field|1_fin/acc/econ|cell_mean",Results_Long!$AK$2:$AK$37,0))) -> -0.045558139 | H6: =IF(ISBLANK(INDEX(Results_Long!$U$2:$U$37,MATCH("G8|panel_field|1_fin/acc/econ|cell_mean",Results_Long!$AK$2:$AK$37,0))),"—",INDEX(Results_Long!$U$2:$U$37,MATCH("G8|panel_field|1_fin/acc/econ|cell_mean",Results_Long!$AK$2:$AK$37,0))) -> -0.060860885 | I6: =IF(ISBLANK(INDEX(Results_Long!$V$2:$V$37,MATCH("G8|panel_field|1_fin/acc/econ|cell_mean",Results_Long!$AK$2:$AK$37,0))),"—",INDEX(Results_Long!$V$2:$V$37,MATCH("G8|panel_field|1_fin/acc/econ|cell_mean",Results_Long!$AK$2:$AK$37,0))) -> -0.030233981 | J6: =IF(ISBLANK(INDEX(Results_Long!$N$2:$N$37,MATCH("G8|panel_field|1_fin/acc/econ|cell_mean",Results_Long!$AK$2:$AK$37,0))),"—",INDEX(Results_Long!$N$2:$N$37,MATCH("G8|panel_field|1_fin/acc/econ|cell_mean",Results_Long!$AK$2:$AK$37,0))) -> 64.892271 | K6: =IF(ISBLANK(INDEX(Results_Long!$O$2:$O$37,MATCH("G8|panel_field|1_fin/acc/econ|cell_mean",Results_Long!$AK$2:$AK$37,0))),"—",INDEX(Results_Long!$O$2:$O$37,MATCH("G8|panel_field|1_fin/acc/econ|cell_mean",Results_Long!$AK$2:$AK$37,0))) -> 1.267795e-07
A7: 2_sust | B7: =IF(ISBLANK(INDEX(Results_Long!$H$2:$H$37,MATCH("G8|panel_field|2_sust|cell_mean",Results_Long!$AK$2:$AK$37,0))),"—",INDEX(Results_Long!$H$2:$H$37,MATCH("G8|panel_field|2_sust|cell_mean",Results_Long!$AK$2:$AK$37,0))) -> 571 | C7: =IF(ISBLANK(INDEX(Results_Long!$J$2:$J$37,MATCH("G8|panel_field|2_sust|cell_mean",Results_Long!$AK$2:$AK$37,0))),"—",INDEX(Results_Long!$J$2:$J$37,MATCH("G8|panel_field|2_sust|cell_mean",Results_Long!$AK$2:$AK$37,0))) -> 32 | D7: =IF(ISBLANK(INDEX(Results_Long!$K$2:$K$37,MATCH("G8|panel_field|2_sust|cell_mean",Results_Long!$AK$2:$AK$37,0))),"—",INDEX(Results_Long!$K$2:$K$37,MATCH("G8|panel_field|2_sust|cell_mean",Results_Long!$AK$2:$AK$37,0))) -> -0.089903325 | E7: =IF(ISBLANK(INDEX(Results_Long!$P$2:$P$37,MATCH("G8|panel_field|2_sust|cell_mean",Results_Long!$AK$2:$AK$37,0))),"—",INDEX(Results_Long!$P$2:$P$37,MATCH("G8|panel_field|2_sust|cell_mean",Results_Long!$AK$2:$AK$37,0))) -> -0.18579022 | F7: =IF(ISBLANK(INDEX(Results_Long!$Q$2:$Q$37,MATCH("G8|panel_field|2_sust|cell_mean",Results_Long!$AK$2:$AK$37,0))),"—",INDEX(Results_Long!$Q$2:$Q$37,MATCH("G8|panel_field|2_sust|cell_mean",Results_Long!$AK$2:$AK$37,0))) -> 0.005983575 | G7: =IF(ISBLANK(INDEX(Results_Long!$T$2:$T$37,MATCH("G8|panel_field|2_sust|cell_mean",Results_Long!$AK$2:$AK$37,0))),"—",INDEX(Results_Long!$T$2:$T$37,MATCH("G8|panel_field|2_sust|cell_mean",Results_Long!$AK$2:$AK$37,0))) -> -0.089661888 | H7: =IF(ISBLANK(INDEX(Results_Long!$U$2:$U$37,MATCH("G8|panel_field|2_sust|cell_mean",Results_Long!$AK$2:$AK$37,0))),"—",INDEX(Results_Long!$U$2:$U$37,MATCH("G8|panel_field|2_sust|cell_mean",Results_Long!$AK$2:$AK$37,0))) -> -0.18368163 | I7: =IF(ISBLANK(INDEX(Results_Long!$V$2:$V$37,MATCH("G8|panel_field|2_sust|cell_mean",Results_Long!$AK$2:$AK$37,0))),"—",INDEX(Results_Long!$V$2:$V$37,MATCH("G8|panel_field|2_sust|cell_mean",Results_Long!$AK$2:$AK$37,0))) -> 0.0059835036 | J7: =IF(ISBLANK(INDEX(Results_Long!$N$2:$N$37,MATCH("G8|panel_field|2_sust|cell_mean",Results_Long!$AK$2:$AK$37,0))),"—",INDEX(Results_Long!$N$2:$N$37,MATCH("G8|panel_field|2_sust|cell_mean",Results_Long!$AK$2:$AK$37,0))) -> 30.605634 | K7: =IF(ISBLANK(INDEX(Results_Long!$O$2:$O$37,MATCH("G8|panel_field|2_sust|cell_mean",Results_Long!$AK$2:$AK$37,0))),"—",INDEX(Results_Long!$O$2:$O$37,MATCH("G8|panel_field|2_sust|cell_mean",Results_Long!$AK$2:$AK$37,0))) -> 0.065112211
A8: 3_mgmt | B8: =IF(ISBLANK(INDEX(Results_Long!$H$2:$H$37,MATCH("G8|panel_field|3_mgmt|cell_mean",Results_Long!$AK$2:$AK$37,0))),"—",INDEX(Results_Long!$H$2:$H$37,MATCH("G8|panel_field|3_mgmt|cell_mean",Results_Long!$AK$2:$AK$37,0))) -> 290 | C8: =IF(ISBLANK(INDEX(Results_Long!$J$2:$J$37,MATCH("G8|panel_field|3_mgmt|cell_mean",Results_Long!$AK$2:$AK$37,0))),"—",INDEX(Results_Long!$J$2:$J$37,MATCH("G8|panel_field|3_mgmt|cell_mean",Results_Long!$AK$2:$AK$37,0))) -> 16 | D8: =IF(ISBLANK(INDEX(Results_Long!$K$2:$K$37,MATCH("G8|panel_field|3_mgmt|cell_mean",Results_Long!$AK$2:$AK$37,0))),"—",INDEX(Results_Long!$K$2:$K$37,MATCH("G8|panel_field|3_mgmt|cell_mean",Results_Long!$AK$2:$AK$37,0))) -> -0.052160972 | E8: =IF(ISBLANK(INDEX(Results_Long!$P$2:$P$37,MATCH("G8|panel_field|3_mgmt|cell_mean",Results_Long!$AK$2:$AK$37,0))),"—",INDEX(Results_Long!$P$2:$P$37,MATCH("G8|panel_field|3_mgmt|cell_mean",Results_Long!$AK$2:$AK$37,0))) -> -0.080654054 | F8: =IF(ISBLANK(INDEX(Results_Long!$Q$2:$Q$37,MATCH("G8|panel_field|3_mgmt|cell_mean",Results_Long!$AK$2:$AK$37,0))),"—",INDEX(Results_Long!$Q$2:$Q$37,MATCH("G8|panel_field|3_mgmt|cell_mean",Results_Long!$AK$2:$AK$37,0))) -> -0.02366789 | G8: =IF(ISBLANK(INDEX(Results_Long!$T$2:$T$37,MATCH("G8|panel_field|3_mgmt|cell_mean",Results_Long!$AK$2:$AK$37,0))),"—",INDEX(Results_Long!$T$2:$T$37,MATCH("G8|panel_field|3_mgmt|cell_mean",Results_Long!$AK$2:$AK$37,0))) -> -0.052113718 | H8: =IF(ISBLANK(INDEX(Results_Long!$U$2:$U$37,MATCH("G8|panel_field|3_mgmt|cell_mean",Results_Long!$AK$2:$AK$37,0))),"—",INDEX(Results_Long!$U$2:$U$37,MATCH("G8|panel_field|3_mgmt|cell_mean",Results_Long!$AK$2:$AK$37,0))) -> -0.080479621 | I8: =IF(ISBLANK(INDEX(Results_Long!$V$2:$V$37,MATCH("G8|panel_field|3_mgmt|cell_mean",Results_Long!$AK$2:$AK$37,0))),"—",INDEX(Results_Long!$V$2:$V$37,MATCH("G8|panel_field|3_mgmt|cell_mean",Results_Long!$AK$2:$AK$37,0))) -> -0.023663472 | J8: =IF(ISBLANK(INDEX(Results_Long!$N$2:$N$37,MATCH("G8|panel_field|3_mgmt|cell_mean",Results_Long!$AK$2:$AK$37,0))),"—",INDEX(Results_Long!$N$2:$N$37,MATCH("G8|panel_field|3_mgmt|cell_mean",Results_Long!$AK$2:$AK$37,0))) -> 13.469308 | K8: =IF(ISBLANK(INDEX(Results_Long!$O$2:$O$37,MATCH("G8|panel_field|3_mgmt|cell_mean",Results_Long!$AK$2:$AK$37,0))),"—",INDEX(Results_Long!$O$2:$O$37,MATCH("G8|panel_field|3_mgmt|cell_mean",Results_Long!$AK$2:$AK$37,0))) -> 0.0015845348
A10: Test (z-only) | B10: df | C10: p | D10: note (carries F and df_num verbatim)
A11: HTZ omnibus | B11: =IF(ISBLANK(INDEX(Results_Long!$N$2:$N$37,MATCH("G8|panel_field|panel|HTZ_omnibus",Results_Long!$AK$2:$AK$37,0))),"—",INDEX(Results_Long!$N$2:$N$37,MATCH("G8|panel_field|panel|HTZ_omnibus",Results_Long!$AK$2:$AK$37,0))) -> 33.539549 | C11: =IF(ISBLANK(INDEX(Results_Long!$O$2:$O$37,MATCH("G8|panel_field|panel|HTZ_omnibus",Results_Long!$AK$2:$AK$37,0))),"—",INDEX(Results_Long!$O$2:$O$37,MATCH("G8|panel_field|panel|HTZ_omnibus",Results_Long!$AK$2:$AK$37,0))) -> 0.61724392 | D11: =IF(ISBLANK(INDEX(Results_Long!$AJ$2:$AJ$37,MATCH("G8|panel_field|panel|HTZ_omnibus",Results_Long!$AK$2:$AK$37,0))),"—",INDEX(Results_Long!$AJ$2:$AJ$37,MATCH("G8|panel_field|panel|HTZ_omnibus",Results_Long!$AK$2:$AK$37,0))) -> F=0.4895, df_num=2.0; descriptive [DEC-047]
A13: Contrast (z-only) | B13: Δz | C13: CI_z low | D13: CI_z high | E13: df | F13: p | G13: flag
A14: 1_fin/acc/econ vs 2_sust | B14: =IF(ISBLANK(INDEX(Results_Long!$K$2:$K$37,MATCH("G8|panel_field|1_fin/acc/econ vs 2_sust|pairwise_contrast",Results_Long!$AK$2:$AK$37,0))),"—",INDEX(Results_Long!$K$2:$K$37,MATCH("G8|panel_field|1_fin/acc/econ vs 2_sust|pairwise_contrast",Results_Long!$AK$2:$AK$37,0))) -> 0.044313628 | C14: =IF(ISBLANK(INDEX(Results_Long!$P$2:$P$37,MATCH("G8|panel_field|1_fin/acc/econ vs 2_sust|pairwise_contrast",Results_Long!$AK$2:$AK$37,0))),"—",INDEX(Results_Long!$P$2:$P$37,MATCH("G8|panel_field|1_fin/acc/econ vs 2_sust|pairwise_contrast",Results_Long!$AK$2:$AK$37,0))) -> — | D14: =IF(ISBLANK(INDEX(Results_Long!$Q$2:$Q$37,MATCH("G8|panel_field|1_fin/acc/econ vs 2_sust|pairwise_contrast",Results_Long!$AK$2:$AK$37,0))),"—",INDEX(Results_Long!$Q$2:$Q$37,MATCH("G8|panel_field|1_fin/acc/econ vs 2_sust|pairwise_contrast",Results_Long!$AK$2:$AK$37,0))) -> — | E14: =IF(ISBLANK(INDEX(Results_Long!$N$2:$N$37,MATCH("G8|panel_field|1_fin/acc/econ vs 2_sust|pairwise_contrast",Results_Long!$AK$2:$AK$37,0))),"—",INDEX(Results_Long!$N$2:$N$37,MATCH("G8|panel_field|1_fin/acc/econ vs 2_sust|pairwise_contrast",Results_Long!$AK$2:$AK$37,0))) -> 58.817842 | F14: =IF(ISBLANK(INDEX(Results_Long!$O$2:$O$37,MATCH("G8|panel_field|1_fin/acc/econ vs 2_sust|pairwise_contrast",Results_Long!$AK$2:$AK$37,0))),"—",INDEX(Results_Long!$O$2:$O$37,MATCH("G8|panel_field|1_fin/acc/econ vs 2_sust|pairwise_contrast",Results_Long!$AK$2:$AK$37,0))) -> 0.3558225 | G14: =IF(INDEX(Results_Long!$N$2:$N$37,MATCH("G8|panel_field|1_fin/acc/econ vs 2_sust|pairwise_contrast",Results_Long!$AK$2:$AK$37,0))<5,"df < 5 — descriptive","")
A15: 1_fin/acc/econ vs 3_mgmt | B15: =IF(ISBLANK(INDEX(Results_Long!$K$2:$K$37,MATCH("G8|panel_field|1_fin/acc/econ vs 3_mgmt|pairwise_contrast",Results_Long!$AK$2:$AK$37,0))),"—",INDEX(Results_Long!$K$2:$K$37,MATCH("G8|panel_field|1_fin/acc/econ vs 3_mgmt|pairwise_contrast",Results_Long!$AK$2:$AK$37,0))) -> 0.0065712747 | C15: =IF(ISBLANK(INDEX(Results_Long!$P$2:$P$37,MATCH("G8|panel_field|1_fin/acc/econ vs 3_mgmt|pairwise_contrast",Results_Long!$AK$2:$AK$37,0))),"—",INDEX(Results_Long!$P$2:$P$37,MATCH("G8|panel_field|1_fin/acc/econ vs 3_mgmt|pairwise_contrast",Results_Long!$AK$2:$AK$37,0))) -> — | D15: =IF(ISBLANK(INDEX(Results_Long!$Q$2:$Q$37,MATCH("G8|panel_field|1_fin/acc/econ vs 3_mgmt|pairwise_contrast",Results_Long!$AK$2:$AK$37,0))),"—",INDEX(Results_Long!$Q$2:$Q$37,MATCH("G8|panel_field|1_fin/acc/econ vs 3_mgmt|pairwise_contrast",Results_Long!$AK$2:$AK$37,0))) -> — | E15: =IF(ISBLANK(INDEX(Results_Long!$N$2:$N$37,MATCH("G8|panel_field|1_fin/acc/econ vs 3_mgmt|pairwise_contrast",Results_Long!$AK$2:$AK$37,0))),"—",INDEX(Results_Long!$N$2:$N$37,MATCH("G8|panel_field|1_fin/acc/econ vs 3_mgmt|pairwise_contrast",Results_Long!$AK$2:$AK$37,0))) -> 16.009699 | F15: =IF(ISBLANK(INDEX(Results_Long!$O$2:$O$37,MATCH("G8|panel_field|1_fin/acc/econ vs 3_mgmt|pairwise_contrast",Results_Long!$AK$2:$AK$37,0))),"—",INDEX(Results_Long!$O$2:$O$37,MATCH("G8|panel_field|1_fin/acc/econ vs 3_mgmt|pairwise_contrast",Results_Long!$AK$2:$AK$37,0))) -> 0.66308045 | G15: =IF(INDEX(Results_Long!$N$2:$N$37,MATCH("G8|panel_field|1_fin/acc/econ vs 3_mgmt|pairwise_contrast",Results_Long!$AK$2:$AK$37,0))<5,"df < 5 — descriptive","")
A16: 2_sust vs 3_mgmt | B16: =IF(ISBLANK(INDEX(Results_Long!$K$2:$K$37,MATCH("G8|panel_field|2_sust vs 3_mgmt|pairwise_contrast",Results_Long!$AK$2:$AK$37,0))),"—",INDEX(Results_Long!$K$2:$K$37,MATCH("G8|panel_field|2_sust vs 3_mgmt|pairwise_contrast",Results_Long!$AK$2:$AK$37,0))) -> -0.037742353 | C16: =IF(ISBLANK(INDEX(Results_Long!$P$2:$P$37,MATCH("G8|panel_field|2_sust vs 3_mgmt|pairwise_contrast",Results_Long!$AK$2:$AK$37,0))),"—",INDEX(Results_Long!$P$2:$P$37,MATCH("G8|panel_field|2_sust vs 3_mgmt|pairwise_contrast",Results_Long!$AK$2:$AK$37,0))) -> — | D16: =IF(ISBLANK(INDEX(Results_Long!$Q$2:$Q$37,MATCH("G8|panel_field|2_sust vs 3_mgmt|pairwise_contrast",Results_Long!$AK$2:$AK$37,0))),"—",INDEX(Results_Long!$Q$2:$Q$37,MATCH("G8|panel_field|2_sust vs 3_mgmt|pairwise_contrast",Results_Long!$AK$2:$AK$37,0))) -> — | E16: =IF(ISBLANK(INDEX(Results_Long!$N$2:$N$37,MATCH("G8|panel_field|2_sust vs 3_mgmt|pairwise_contrast",Results_Long!$AK$2:$AK$37,0))),"—",INDEX(Results_Long!$N$2:$N$37,MATCH("G8|panel_field|2_sust vs 3_mgmt|pairwise_contrast",Results_Long!$AK$2:$AK$37,0))) -> 27.740419 | F16: =IF(ISBLANK(INDEX(Results_Long!$O$2:$O$37,MATCH("G8|panel_field|2_sust vs 3_mgmt|pairwise_contrast",Results_Long!$AK$2:$AK$37,0))),"—",INDEX(Results_Long!$O$2:$O$37,MATCH("G8|panel_field|2_sust vs 3_mgmt|pairwise_contrast",Results_Long!$AK$2:$AK$37,0))) -> 0.44599223 | G16: =IF(INDEX(Results_Long!$N$2:$N$37,MATCH("G8|panel_field|2_sust vs 3_mgmt|pairwise_contrast",Results_Long!$AK$2:$AK$37,0))<5,"df < 5 — descriptive","")
A18: Interpretation
A19: Cell means r = −.046 (fin/acc/econ), −.090 (sust), −.052 (mgmt); HTZ p = .617.
A20: The sustainability-field cell is largest in magnitude but rests on the widest CI of the panel (571 ES / 32 clusters, p = .065); its contrast against fin/acc/econ is Δz = +.044, p = .356.
A22: Reviewer Q&A — Finance/Econometrics
A23: Question | B23: Answer
A24: The sustainability cell is noticeably larger in magnitude — why is that not a finding? | B24: Its pairwise contrast is Δz = +.044 with p = .356 (df 58.8) and the panel HTZ is p = .617; under the descriptive regime no field claim is licensed. The spread is disclosed as-is.
A26: Reviewer Q&A — Management/BSE
A27: Question | B27: Answer
A28: Do management-journal results differ from finance-journal results? | B28: fin/acc/econ vs mgmt: Δz = +.007, p = .663 — no indication of a field split.
A30: Mechanical outcome: cell means r = −.046 / −.090 / −.052; HTZ F = 0.49 (df = 33.5, p = .617) — no field differentiation indicated; wording per the resolved gate [DEC-047].

Sheet 9_Panel_ES_Measure
A1: G9 — FEATURED axis: ES_measure (partial vs bivariate) [van Aert 2023]
A2: Featured per DEC-050 §6; carries the G4 near-identity cross-note (Δ = 2 ES / 1 study vs direct_r_only)
A3: All cells formula-linked to Results_Long; HTZ + pairwise z-only, descriptive [DEC-047]
A5: Level | B5: k_es | C5: k_cluster | D5: est_z | E5: CI_z low | F5: CI_z high | G5: est_r | H5: CI_r low | I5: CI_r high | J5: df | K5: p
A6: partial | B6: =IF(ISBLANK(INDEX(Results_Long!$H$2:$H$37,MATCH("G9|panel_es_measure|partial|cell_mean",Results_Long!$AK$2:$AK$37,0))),"—",INDEX(Results_Long!$H$2:$H$37,MATCH("G9|panel_es_measure|partial|cell_mean",Results_Long!$AK$2:$AK$37,0))) -> 2607 | C6: =IF(ISBLANK(INDEX(Results_Long!$J$2:$J$37,MATCH("G9|panel_es_measure|partial|cell_mean",Results_Long!$AK$2:$AK$37,0))),"—",INDEX(Results_Long!$J$2:$J$37,MATCH("G9|panel_es_measure|partial|cell_mean",Results_Long!$AK$2:$AK$37,0))) -> 113 | D6: =IF(ISBLANK(INDEX(Results_Long!$K$2:$K$37,MATCH("G9|panel_es_measure|partial|cell_mean",Results_Long!$AK$2:$AK$37,0))),"—",INDEX(Results_Long!$K$2:$K$37,MATCH("G9|panel_es_measure|partial|cell_mean",Results_Long!$AK$2:$AK$37,0))) -> -0.062212218 | E6: =IF(ISBLANK(INDEX(Results_Long!$P$2:$P$37,MATCH("G9|panel_es_measure|partial|cell_mean",Results_Long!$AK$2:$AK$37,0))),"—",INDEX(Results_Long!$P$2:$P$37,MATCH("G9|panel_es_measure|partial|cell_mean",Results_Long!$AK$2:$AK$37,0))) -> -0.090095666 | F6: =IF(ISBLANK(INDEX(Results_Long!$Q$2:$Q$37,MATCH("G9|panel_es_measure|partial|cell_mean",Results_Long!$AK$2:$AK$37,0))),"—",INDEX(Results_Long!$Q$2:$Q$37,MATCH("G9|panel_es_measure|partial|cell_mean",Results_Long!$AK$2:$AK$37,0))) -> -0.034328769 | G6: =IF(ISBLANK(INDEX(Results_Long!$T$2:$T$37,MATCH("G9|panel_es_measure|partial|cell_mean",Results_Long!$AK$2:$AK$37,0))),"—",INDEX(Results_Long!$T$2:$T$37,MATCH("G9|panel_es_measure|partial|cell_mean",Results_Long!$AK$2:$AK$37,0))) -> -0.06213208 | H6: =IF(ISBLANK(INDEX(Results_Long!$U$2:$U$37,MATCH("G9|panel_es_measure|partial|cell_mean",Results_Long!$AK$2:$AK$37,0))),"—",INDEX(Results_Long!$U$2:$U$37,MATCH("G9|panel_es_measure|partial|cell_mean",Results_Long!$AK$2:$AK$37,0))) -> -0.089852679 | I6: =IF(ISBLANK(INDEX(Results_Long!$V$2:$V$37,MATCH("G9|panel_es_measure|partial|cell_mean",Results_Long!$AK$2:$AK$37,0))),"—",INDEX(Results_Long!$V$2:$V$37,MATCH("G9|panel_es_measure|partial|cell_mean",Results_Long!$AK$2:$AK$37,0))) -> -0.03431529 | J6: =IF(ISBLANK(INDEX(Results_Long!$N$2:$N$37,MATCH("G9|panel_es_measure|partial|cell_mean",Results_Long!$AK$2:$AK$37,0))),"—",INDEX(Results_Long!$N$2:$N$37,MATCH("G9|panel_es_measure|partial|cell_mean",Results_Long!$AK$2:$AK$37,0))) -> 111.42289 | K6: =IF(ISBLANK(INDEX(Results_Long!$O$2:$O$37,MATCH("G9|panel_es_measure|partial|cell_mean",Results_Long!$AK$2:$AK$37,0))),"—",INDEX(Results_Long!$O$2:$O$37,MATCH("G9|panel_es_measure|partial|cell_mean",Results_Long!$AK$2:$AK$37,0))) -> 2.2933589e-05
A7: bivariate | B7: =IF(ISBLANK(INDEX(Results_Long!$H$2:$H$37,MATCH("G9|panel_es_measure|bivariate|cell_mean",Results_Long!$AK$2:$AK$37,0))),"—",INDEX(Results_Long!$H$2:$H$37,MATCH("G9|panel_es_measure|bivariate|cell_mean",Results_Long!$AK$2:$AK$37,0))) -> 106 | C7: =IF(ISBLANK(INDEX(Results_Long!$J$2:$J$37,MATCH("G9|panel_es_measure|bivariate|cell_mean",Results_Long!$AK$2:$AK$37,0))),"—",INDEX(Results_Long!$J$2:$J$37,MATCH("G9|panel_es_measure|bivariate|cell_mean",Results_Long!$AK$2:$AK$37,0))) -> 53 | D7: =IF(ISBLANK(INDEX(Results_Long!$K$2:$K$37,MATCH("G9|panel_es_measure|bivariate|cell_mean",Results_Long!$AK$2:$AK$37,0))),"—",INDEX(Results_Long!$K$2:$K$37,MATCH("G9|panel_es_measure|bivariate|cell_mean",Results_Long!$AK$2:$AK$37,0))) -> -0.025905937 | E7: =IF(ISBLANK(INDEX(Results_Long!$P$2:$P$37,MATCH("G9|panel_es_measure|bivariate|cell_mean",Results_Long!$AK$2:$AK$37,0))),"—",INDEX(Results_Long!$P$2:$P$37,MATCH("G9|panel_es_measure|bivariate|cell_mean",Results_Long!$AK$2:$AK$37,0))) -> -0.085598037 | F7: =IF(ISBLANK(INDEX(Results_Long!$Q$2:$Q$37,MATCH("G9|panel_es_measure|bivariate|cell_mean",Results_Long!$AK$2:$AK$37,0))),"—",INDEX(Results_Long!$Q$2:$Q$37,MATCH("G9|panel_es_measure|bivariate|cell_mean",Results_Long!$AK$2:$AK$37,0))) -> 0.033786163 | G7: =IF(ISBLANK(INDEX(Results_Long!$T$2:$T$37,MATCH("G9|panel_es_measure|bivariate|cell_mean",Results_Long!$AK$2:$AK$37,0))),"—",INDEX(Results_Long!$T$2:$T$37,MATCH("G9|panel_es_measure|bivariate|cell_mean",Results_Long!$AK$2:$AK$37,0))) -> -0.025900143 | H7: =IF(ISBLANK(INDEX(Results_Long!$U$2:$U$37,MATCH("G9|panel_es_measure|bivariate|cell_mean",Results_Long!$AK$2:$AK$37,0))),"—",INDEX(Results_Long!$U$2:$U$37,MATCH("G9|panel_es_measure|bivariate|cell_mean",Results_Long!$AK$2:$AK$37,0))) -> -0.085389588 | I7: =IF(ISBLANK(INDEX(Results_Long!$V$2:$V$37,MATCH("G9|panel_es_measure|bivariate|cell_mean",Results_Long!$AK$2:$AK$37,0))),"—",INDEX(Results_Long!$V$2:$V$37,MATCH("G9|panel_es_measure|bivariate|cell_mean",Results_Long!$AK$2:$AK$37,0))) -> 0.033773314 | J7: =IF(ISBLANK(INDEX(Results_Long!$N$2:$N$37,MATCH("G9|panel_es_measure|bivariate|cell_mean",Results_Long!$AK$2:$AK$37,0))),"—",INDEX(Results_Long!$N$2:$N$37,MATCH("G9|panel_es_measure|bivariate|cell_mean",Results_Long!$AK$2:$AK$37,0))) -> 80.980355 | K7: =IF(ISBLANK(INDEX(Results_Long!$O$2:$O$37,MATCH("G9|panel_es_measure|bivariate|cell_mean",Results_Long!$AK$2:$AK$37,0))),"—",INDEX(Results_Long!$O$2:$O$37,MATCH("G9|panel_es_measure|bivariate|cell_mean",Results_Long!$AK$2:$AK$37,0))) -> 0.3904061
A9: Test (z-only) | B9: df | C9: p | D9: note (carries F and df_num verbatim)
A10: HTZ omnibus | B10: =IF(ISBLANK(INDEX(Results_Long!$N$2:$N$37,MATCH("G9|panel_es_measure|panel|HTZ_omnibus",Results_Long!$AK$2:$AK$37,0))),"—",INDEX(Results_Long!$N$2:$N$37,MATCH("G9|panel_es_measure|panel|HTZ_omnibus",Results_Long!$AK$2:$AK$37,0))) -> 36.897154 | C10: =IF(ISBLANK(INDEX(Results_Long!$O$2:$O$37,MATCH("G9|panel_es_measure|panel|HTZ_omnibus",Results_Long!$AK$2:$AK$37,0))),"—",INDEX(Results_Long!$O$2:$O$37,MATCH("G9|panel_es_measure|panel|HTZ_omnibus",Results_Long!$AK$2:$AK$37,0))) -> 0.21805181 | D10: =IF(ISBLANK(INDEX(Results_Long!$AJ$2:$AJ$37,MATCH("G9|panel_es_measure|panel|HTZ_omnibus",Results_Long!$AK$2:$AK$37,0))),"—",INDEX(Results_Long!$AJ$2:$AJ$37,MATCH("G9|panel_es_measure|panel|HTZ_omnibus",Results_Long!$AK$2:$AK$37,0))) -> F=1.5703, df_num=1.0; descriptive [DEC-047]
A12: Contrast (z-only) | B12: Δz | C12: CI_z low | D12: CI_z high | E12: df | F12: p | G12: flag
A13: partial vs bivariate | B13: =IF(ISBLANK(INDEX(Results_Long!$K$2:$K$37,MATCH("G9|panel_es_measure|partial vs bivariate|pairwise_contrast",Results_Long!$AK$2:$AK$37,0))),"—",INDEX(Results_Long!$K$2:$K$37,MATCH("G9|panel_es_measure|partial vs bivariate|pairwise_contrast",Results_Long!$AK$2:$AK$37,0))) -> -0.036306281 | C13: =IF(ISBLANK(INDEX(Results_Long!$P$2:$P$37,MATCH("G9|panel_es_measure|partial vs bivariate|pairwise_contrast",Results_Long!$AK$2:$AK$37,0))),"—",INDEX(Results_Long!$P$2:$P$37,MATCH("G9|panel_es_measure|partial vs bivariate|pairwise_contrast",Results_Long!$AK$2:$AK$37,0))) -> — | D13: =IF(ISBLANK(INDEX(Results_Long!$Q$2:$Q$37,MATCH("G9|panel_es_measure|partial vs bivariate|pairwise_contrast",Results_Long!$AK$2:$AK$37,0))),"—",INDEX(Results_Long!$Q$2:$Q$37,MATCH("G9|panel_es_measure|partial vs bivariate|pairwise_contrast",Results_Long!$AK$2:$AK$37,0))) -> — | E13: =IF(ISBLANK(INDEX(Results_Long!$N$2:$N$37,MATCH("G9|panel_es_measure|partial vs bivariate|pairwise_contrast",Results_Long!$AK$2:$AK$37,0))),"—",INDEX(Results_Long!$N$2:$N$37,MATCH("G9|panel_es_measure|partial vs bivariate|pairwise_contrast",Results_Long!$AK$2:$AK$37,0))) -> 36.897154 | F13: =IF(ISBLANK(INDEX(Results_Long!$O$2:$O$37,MATCH("G9|panel_es_measure|partial vs bivariate|pairwise_contrast",Results_Long!$AK$2:$AK$37,0))),"—",INDEX(Results_Long!$O$2:$O$37,MATCH("G9|panel_es_measure|partial vs bivariate|pairwise_contrast",Results_Long!$AK$2:$AK$37,0))) -> 0.21805181 | G13: =IF(INDEX(Results_Long!$N$2:$N$37,MATCH("G9|panel_es_measure|partial vs bivariate|pairwise_contrast",Results_Long!$AK$2:$AK$37,0))<5,"df < 5 — descriptive","")
A15: Interpretation
A16: Partial-correlation cell r = −.062 (2,607 ES / 113 clusters) vs bivariate cell r = −.026 (106 ES / 53 clusters); Δz = −.036, p = .218.
A17: More than 95% of effect sizes are partial correlations — this panel is the direct check that the pooled result is not an artifact of the partial-correlation basis [van Aert 2023].
A18: The bivariate cell and the G4 direct_r_only spec coincide on v12 up to 2 ES / 1 study; the two rows are cross-referenced, not read as independent checks [DEC-050 §6].
A20: Reviewer Q&A — Finance/Econometrics
A21: Question | B21: Answer
A22: Partial and bivariate rows are pooled on one spine — are the sampling variances comparable? | B22: Both enter as Fisher-z with measure-appropriate variances (PCC df convention per van Aert 2023 for partial rows; 1/(n−3) for bivariate rows); G5 varies the PCC df convention and moves the pooled estimate by less than .001.
A23: Is G4 an independent replication of the bivariate cell? | B23: No — the partitions coincide up to 2 ES / 1 study on v12 [DEC-050 §6]; cross-referenced to avoid double counting.
A25: Reviewer Q&A — Management/BSE
A26: Question | B26: Answer
A27: Why feature this axis over the other technical panels? | B27: It is the methodological backbone of the meta-analysis: the van Aert (2023) partial-correlation framework governs > 95% of the evidence, and the panel shows the headline is carried by exactly that basis while the small directly-reported remainder points the same way.
A29: Mechanical outcome: partial r = −.062 vs bivariate r = −.026; Δz = −.036 (df = 36.9, p = .218), descriptive — featured axis holds the headline reading; wording per the resolved gate [DEC-047].

Sheet 10_Panel_ES_Method
A1: G10 — Conversion-route panel (es_method): computed · bivariate · star-bound · v10-adopted
A2: Main-effect-only per Annex C (method-artifact check; never interacted)
A3: All cells formula-linked to Results_Long; HTZ + pairwise z-only, descriptive [DEC-047]; one contrast display-flagged (df < 5)
A5: Level | B5: k_es | C5: k_cluster | D5: est_z | E5: CI_z low | F5: CI_z high | G5: est_r | H5: CI_r low | I5: CI_r high | J5: df | K5: p
A6: computed | B6: =IF(ISBLANK(INDEX(Results_Long!$H$2:$H$37,MATCH("G10|panel_es_method|computed|cell_mean",Results_Long!$AK$2:$AK$37,0))),"—",INDEX(Results_Long!$H$2:$H$37,MATCH("G10|panel_es_method|computed|cell_mean",Results_Long!$AK$2:$AK$37,0))) -> 2300 | C6: =IF(ISBLANK(INDEX(Results_Long!$J$2:$J$37,MATCH("G10|panel_es_method|computed|cell_mean",Results_Long!$AK$2:$AK$37,0))),"—",INDEX(Results_Long!$J$2:$J$37,MATCH("G10|panel_es_method|computed|cell_mean",Results_Long!$AK$2:$AK$37,0))) -> 104 | D6: =IF(ISBLANK(INDEX(Results_Long!$K$2:$K$37,MATCH("G10|panel_es_method|computed|cell_mean",Results_Long!$AK$2:$AK$37,0))),"—",INDEX(Results_Long!$K$2:$K$37,MATCH("G10|panel_es_method|computed|cell_mean",Results_Long!$AK$2:$AK$37,0))) -> -0.057974911 | E6: =IF(ISBLANK(INDEX(Results_Long!$P$2:$P$37,MATCH("G10|panel_es_method|computed|cell_mean",Results_Long!$AK$2:$AK$37,0))),"—",INDEX(Results_Long!$P$2:$P$37,MATCH("G10|panel_es_method|computed|cell_mean",Results_Long!$AK$2:$AK$37,0))) -> -0.082050441 | F6: =IF(ISBLANK(INDEX(Results_Long!$Q$2:$Q$37,MATCH("G10|panel_es_method|computed|cell_mean",Results_Long!$AK$2:$AK$37,0))),"—",INDEX(Results_Long!$Q$2:$Q$37,MATCH("G10|panel_es_method|computed|cell_mean",Results_Long!$AK$2:$AK$37,0))) -> -0.03389938 | G6: =IF(ISBLANK(INDEX(Results_Long!$T$2:$T$37,MATCH("G10|panel_es_method|computed|cell_mean",Results_Long!$AK$2:$AK$37,0))),"—",INDEX(Results_Long!$T$2:$T$37,MATCH("G10|panel_es_method|computed|cell_mean",Results_Long!$AK$2:$AK$37,0))) -> -0.057910045 | H6: =IF(ISBLANK(INDEX(Results_Long!$U$2:$U$37,MATCH("G10|panel_es_method|computed|cell_mean",Results_Long!$AK$2:$AK$37,0))),"—",INDEX(Results_Long!$U$2:$U$37,MATCH("G10|panel_es_method|computed|cell_mean",Results_Long!$AK$2:$AK$37,0))) -> -0.081866807 | I6: =IF(ISBLANK(INDEX(Results_Long!$V$2:$V$37,MATCH("G10|panel_es_method|computed|cell_mean",Results_Long!$AK$2:$AK$37,0))),"—",INDEX(Results_Long!$V$2:$V$37,MATCH("G10|panel_es_method|computed|cell_mean",Results_Long!$AK$2:$AK$37,0))) -> -0.033886401 | J6: =IF(ISBLANK(INDEX(Results_Long!$N$2:$N$37,MATCH("G10|panel_es_method|computed|cell_mean",Results_Long!$AK$2:$AK$37,0))),"—",INDEX(Results_Long!$N$2:$N$37,MATCH("G10|panel_es_method|computed|cell_mean",Results_Long!$AK$2:$AK$37,0))) -> 110.43364 | K6: =IF(ISBLANK(INDEX(Results_Long!$O$2:$O$37,MATCH("G10|panel_es_method|computed|cell_mean",Results_Long!$AK$2:$AK$37,0))),"—",INDEX(Results_Long!$O$2:$O$37,MATCH("G10|panel_es_method|computed|cell_mean",Results_Long!$AK$2:$AK$37,0))) -> 5.6251595e-06
A7: bivariate | B7: =IF(ISBLANK(INDEX(Results_Long!$H$2:$H$37,MATCH("G10|panel_es_method|bivariate|cell_mean",Results_Long!$AK$2:$AK$37,0))),"—",INDEX(Results_Long!$H$2:$H$37,MATCH("G10|panel_es_method|bivariate|cell_mean",Results_Long!$AK$2:$AK$37,0))) -> 104 | C7: =IF(ISBLANK(INDEX(Results_Long!$J$2:$J$37,MATCH("G10|panel_es_method|bivariate|cell_mean",Results_Long!$AK$2:$AK$37,0))),"—",INDEX(Results_Long!$J$2:$J$37,MATCH("G10|panel_es_method|bivariate|cell_mean",Results_Long!$AK$2:$AK$37,0))) -> 52 | D7: =IF(ISBLANK(INDEX(Results_Long!$K$2:$K$37,MATCH("G10|panel_es_method|bivariate|cell_mean",Results_Long!$AK$2:$AK$37,0))),"—",INDEX(Results_Long!$K$2:$K$37,MATCH("G10|panel_es_method|bivariate|cell_mean",Results_Long!$AK$2:$AK$37,0))) -> -0.021997283 | E7: =IF(ISBLANK(INDEX(Results_Long!$P$2:$P$37,MATCH("G10|panel_es_method|bivariate|cell_mean",Results_Long!$AK$2:$AK$37,0))),"—",INDEX(Results_Long!$P$2:$P$37,MATCH("G10|panel_es_method|bivariate|cell_mean",Results_Long!$AK$2:$AK$37,0))) -> -0.081760146 | F7: =IF(ISBLANK(INDEX(Results_Long!$Q$2:$Q$37,MATCH("G10|panel_es_method|bivariate|cell_mean",Results_Long!$AK$2:$AK$37,0))),"—",INDEX(Results_Long!$Q$2:$Q$37,MATCH("G10|panel_es_method|bivariate|cell_mean",Results_Long!$AK$2:$AK$37,0))) -> 0.03776558 | G7: =IF(ISBLANK(INDEX(Results_Long!$T$2:$T$37,MATCH("G10|panel_es_method|bivariate|cell_mean",Results_Long!$AK$2:$AK$37,0))),"—",INDEX(Results_Long!$T$2:$T$37,MATCH("G10|panel_es_method|bivariate|cell_mean",Results_Long!$AK$2:$AK$37,0))) -> -0.021993736 | H7: =IF(ISBLANK(INDEX(Results_Long!$U$2:$U$37,MATCH("G10|panel_es_method|bivariate|cell_mean",Results_Long!$AK$2:$AK$37,0))),"—",INDEX(Results_Long!$U$2:$U$37,MATCH("G10|panel_es_method|bivariate|cell_mean",Results_Long!$AK$2:$AK$37,0))) -> -0.081578451 | I7: =IF(ISBLANK(INDEX(Results_Long!$V$2:$V$37,MATCH("G10|panel_es_method|bivariate|cell_mean",Results_Long!$AK$2:$AK$37,0))),"—",INDEX(Results_Long!$V$2:$V$37,MATCH("G10|panel_es_method|bivariate|cell_mean",Results_Long!$AK$2:$AK$37,0))) -> 0.037747636 | J7: =IF(ISBLANK(INDEX(Results_Long!$N$2:$N$37,MATCH("G10|panel_es_method|bivariate|cell_mean",Results_Long!$AK$2:$AK$37,0))),"—",INDEX(Results_Long!$N$2:$N$37,MATCH("G10|panel_es_method|bivariate|cell_mean",Results_Long!$AK$2:$AK$37,0))) -> 79.903532 | K7: =IF(ISBLANK(INDEX(Results_Long!$O$2:$O$37,MATCH("G10|panel_es_method|bivariate|cell_mean",Results_Long!$AK$2:$AK$37,0))),"—",INDEX(Results_Long!$O$2:$O$37,MATCH("G10|panel_es_method|bivariate|cell_mean",Results_Long!$AK$2:$AK$37,0))) -> 0.46600165
A8: star-bound | B8: =IF(ISBLANK(INDEX(Results_Long!$H$2:$H$37,MATCH("G10|panel_es_method|star-bound|cell_mean",Results_Long!$AK$2:$AK$37,0))),"—",INDEX(Results_Long!$H$2:$H$37,MATCH("G10|panel_es_method|star-bound|cell_mean",Results_Long!$AK$2:$AK$37,0))) -> 99 | C8: =IF(ISBLANK(INDEX(Results_Long!$J$2:$J$37,MATCH("G10|panel_es_method|star-bound|cell_mean",Results_Long!$AK$2:$AK$37,0))),"—",INDEX(Results_Long!$J$2:$J$37,MATCH("G10|panel_es_method|star-bound|cell_mean",Results_Long!$AK$2:$AK$37,0))) -> 11 | D8: =IF(ISBLANK(INDEX(Results_Long!$K$2:$K$37,MATCH("G10|panel_es_method|star-bound|cell_mean",Results_Long!$AK$2:$AK$37,0))),"—",INDEX(Results_Long!$K$2:$K$37,MATCH("G10|panel_es_method|star-bound|cell_mean",Results_Long!$AK$2:$AK$37,0))) -> -0.056961455 | E8: =IF(ISBLANK(INDEX(Results_Long!$P$2:$P$37,MATCH("G10|panel_es_method|star-bound|cell_mean",Results_Long!$AK$2:$AK$37,0))),"—",INDEX(Results_Long!$P$2:$P$37,MATCH("G10|panel_es_method|star-bound|cell_mean",Results_Long!$AK$2:$AK$37,0))) -> -0.1368779 | F8: =IF(ISBLANK(INDEX(Results_Long!$Q$2:$Q$37,MATCH("G10|panel_es_method|star-bound|cell_mean",Results_Long!$AK$2:$AK$37,0))),"—",INDEX(Results_Long!$Q$2:$Q$37,MATCH("G10|panel_es_method|star-bound|cell_mean",Results_Long!$AK$2:$AK$37,0))) -> 0.022954986 | G8: =IF(ISBLANK(INDEX(Results_Long!$T$2:$T$37,MATCH("G10|panel_es_method|star-bound|cell_mean",Results_Long!$AK$2:$AK$37,0))),"—",INDEX(Results_Long!$T$2:$T$37,MATCH("G10|panel_es_method|star-bound|cell_mean",Results_Long!$AK$2:$AK$37,0))) -> -0.056899929 | H8: =IF(ISBLANK(INDEX(Results_Long!$U$2:$U$37,MATCH("G10|panel_es_method|star-bound|cell_mean",Results_Long!$AK$2:$AK$37,0))),"—",INDEX(Results_Long!$U$2:$U$37,MATCH("G10|panel_es_method|star-bound|cell_mean",Results_Long!$AK$2:$AK$37,0))) -> -0.13602943 | I8: =IF(ISBLANK(INDEX(Results_Long!$V$2:$V$37,MATCH("G10|panel_es_method|star-bound|cell_mean",Results_Long!$AK$2:$AK$37,0))),"—",INDEX(Results_Long!$V$2:$V$37,MATCH("G10|panel_es_method|star-bound|cell_mean",Results_Long!$AK$2:$AK$37,0))) -> 0.022950955 | J8: =IF(ISBLANK(INDEX(Results_Long!$N$2:$N$37,MATCH("G10|panel_es_method|star-bound|cell_mean",Results_Long!$AK$2:$AK$37,0))),"—",INDEX(Results_Long!$N$2:$N$37,MATCH("G10|panel_es_method|star-bound|cell_mean",Results_Long!$AK$2:$AK$37,0))) -> 7.8723163 | K8: =IF(ISBLANK(INDEX(Results_Long!$O$2:$O$37,MATCH("G10|panel_es_method|star-bound|cell_mean",Results_Long!$AK$2:$AK$37,0))),"—",INDEX(Results_Long!$O$2:$O$37,MATCH("G10|panel_es_method|star-bound|cell_mean",Results_Long!$AK$2:$AK$37,0))) -> 0.13851902
A9: v10-adopted | B9: =IF(ISBLANK(INDEX(Results_Long!$H$2:$H$37,MATCH("G10|panel_es_method|v10-adopted|cell_mean",Results_Long!$AK$2:$AK$37,0))),"—",INDEX(Results_Long!$H$2:$H$37,MATCH("G10|panel_es_method|v10-adopted|cell_mean",Results_Long!$AK$2:$AK$37,0))) -> 210 | C9: =IF(ISBLANK(INDEX(Results_Long!$J$2:$J$37,MATCH("G10|panel_es_method|v10-adopted|cell_mean",Results_Long!$AK$2:$AK$37,0))),"—",INDEX(Results_Long!$J$2:$J$37,MATCH("G10|panel_es_method|v10-adopted|cell_mean",Results_Long!$AK$2:$AK$37,0))) -> 29 | D9: =IF(ISBLANK(INDEX(Results_Long!$K$2:$K$37,MATCH("G10|panel_es_method|v10-adopted|cell_mean",Results_Long!$AK$2:$AK$37,0))),"—",INDEX(Results_Long!$K$2:$K$37,MATCH("G10|panel_es_method|v10-adopted|cell_mean",Results_Long!$AK$2:$AK$37,0))) -> -0.095352317 | E9: =IF(ISBLANK(INDEX(Results_Long!$P$2:$P$37,MATCH("G10|panel_es_method|v10-adopted|cell_mean",Results_Long!$AK$2:$AK$37,0))),"—",INDEX(Results_Long!$P$2:$P$37,MATCH("G10|panel_es_method|v10-adopted|cell_mean",Results_Long!$AK$2:$AK$37,0))) -> -0.19122493 | F9: =IF(ISBLANK(INDEX(Results_Long!$Q$2:$Q$37,MATCH("G10|panel_es_method|v10-adopted|cell_mean",Results_Long!$AK$2:$AK$37,0))),"—",INDEX(Results_Long!$Q$2:$Q$37,MATCH("G10|panel_es_method|v10-adopted|cell_mean",Results_Long!$AK$2:$AK$37,0))) -> 0.00052029106 | G9: =IF(ISBLANK(INDEX(Results_Long!$T$2:$T$37,MATCH("G10|panel_es_method|v10-adopted|cell_mean",Results_Long!$AK$2:$AK$37,0))),"—",INDEX(Results_Long!$T$2:$T$37,MATCH("G10|panel_es_method|v10-adopted|cell_mean",Results_Long!$AK$2:$AK$37,0))) -> -0.095064381 | H9: =IF(ISBLANK(INDEX(Results_Long!$U$2:$U$37,MATCH("G10|panel_es_method|v10-adopted|cell_mean",Results_Long!$AK$2:$AK$37,0))),"—",INDEX(Results_Long!$U$2:$U$37,MATCH("G10|panel_es_method|v10-adopted|cell_mean",Results_Long!$AK$2:$AK$37,0))) -> -0.18892768 | I9: =IF(ISBLANK(INDEX(Results_Long!$V$2:$V$37,MATCH("G10|panel_es_method|v10-adopted|cell_mean",Results_Long!$AK$2:$AK$37,0))),"—",INDEX(Results_Long!$V$2:$V$37,MATCH("G10|panel_es_method|v10-adopted|cell_mean",Results_Long!$AK$2:$AK$37,0))) -> 0.00052029101 | J9: =IF(ISBLANK(INDEX(Results_Long!$N$2:$N$37,MATCH("G10|panel_es_method|v10-adopted|cell_mean",Results_Long!$AK$2:$AK$37,0))),"—",INDEX(Results_Long!$N$2:$N$37,MATCH("G10|panel_es_method|v10-adopted|cell_mean",Results_Long!$AK$2:$AK$37,0))) -> 51.28254 | K9: =IF(ISBLANK(INDEX(Results_Long!$O$2:$O$37,MATCH("G10|panel_es_method|v10-adopted|cell_mean",Results_Long!$AK$2:$AK$37,0))),"—",INDEX(Results_Long!$O$2:$O$37,MATCH("G10|panel_es_method|v10-adopted|cell_mean",Results_Long!$AK$2:$AK$37,0))) -> 0.051209965
A11: Test (z-only) | B11: df | C11: p | D11: note (carries F and df_num verbatim)
A12: HTZ omnibus | B12: =IF(ISBLANK(INDEX(Results_Long!$N$2:$N$37,MATCH("G10|panel_es_method|panel|HTZ_omnibus",Results_Long!$AK$2:$AK$37,0))),"—",INDEX(Results_Long!$N$2:$N$37,MATCH("G10|panel_es_method|panel|HTZ_omnibus",Results_Long!$AK$2:$AK$37,0))) -> 11.049809 | C12: =IF(ISBLANK(INDEX(Results_Long!$O$2:$O$37,MATCH("G10|panel_es_method|panel|HTZ_omnibus",Results_Long!$AK$2:$AK$37,0))),"—",INDEX(Results_Long!$O$2:$O$37,MATCH("G10|panel_es_method|panel|HTZ_omnibus",Results_Long!$AK$2:$AK$37,0))) -> 0.56543748 | D12: =IF(ISBLANK(INDEX(Results_Long!$AJ$2:$AJ$37,MATCH("G10|panel_es_method|panel|HTZ_omnibus",Results_Long!$AK$2:$AK$37,0))),"—",INDEX(Results_Long!$AJ$2:$AJ$37,MATCH("G10|panel_es_method|panel|HTZ_omnibus",Results_Long!$AK$2:$AK$37,0))) -> F=0.7109, df_num=3.0; descriptive [DEC-047]
A14: Contrast (z-only) | B14: Δz | C14: CI_z low | D14: CI_z high | E14: df | F14: p | G14: flag
A15: computed vs bivariate | B15: =IF(ISBLANK(INDEX(Results_Long!$K$2:$K$37,MATCH("G10|panel_es_method|computed vs bivariate|pairwise_contrast",Results_Long!$AK$2:$AK$37,0))),"—",INDEX(Results_Long!$K$2:$K$37,MATCH("G10|panel_es_method|computed vs bivariate|pairwise_contrast",Results_Long!$AK$2:$AK$37,0))) -> -0.035977628 | C15: =IF(ISBLANK(INDEX(Results_Long!$P$2:$P$37,MATCH("G10|panel_es_method|computed vs bivariate|pairwise_contrast",Results_Long!$AK$2:$AK$37,0))),"—",INDEX(Results_Long!$P$2:$P$37,MATCH("G10|panel_es_method|computed vs bivariate|pairwise_contrast",Results_Long!$AK$2:$AK$37,0))) -> — | D15: =IF(ISBLANK(INDEX(Results_Long!$Q$2:$Q$37,MATCH("G10|panel_es_method|computed vs bivariate|pairwise_contrast",Results_Long!$AK$2:$AK$37,0))),"—",INDEX(Results_Long!$Q$2:$Q$37,MATCH("G10|panel_es_method|computed vs bivariate|pairwise_contrast",Results_Long!$AK$2:$AK$37,0))) -> — | E15: =IF(ISBLANK(INDEX(Results_Long!$N$2:$N$37,MATCH("G10|panel_es_method|computed vs bivariate|pairwise_contrast",Results_Long!$AK$2:$AK$37,0))),"—",INDEX(Results_Long!$N$2:$N$37,MATCH("G10|panel_es_method|computed vs bivariate|pairwise_contrast",Results_Long!$AK$2:$AK$37,0))) -> 37.203777 | F15: =IF(ISBLANK(INDEX(Results_Long!$O$2:$O$37,MATCH("G10|panel_es_method|computed vs bivariate|pairwise_contrast",Results_Long!$AK$2:$AK$37,0))),"—",INDEX(Results_Long!$O$2:$O$37,MATCH("G10|panel_es_method|computed vs bivariate|pairwise_contrast",Results_Long!$AK$2:$AK$37,0))) -> 0.23700674 | G15: =IF(INDEX(Results_Long!$N$2:$N$37,MATCH("G10|panel_es_method|computed vs bivariate|pairwise_contrast",Results_Long!$AK$2:$AK$37,0))<5,"df < 5 — descriptive","")
A16: computed vs star-bound | B16: =IF(ISBLANK(INDEX(Results_Long!$K$2:$K$37,MATCH("G10|panel_es_method|computed vs star-bound|pairwise_contrast",Results_Long!$AK$2:$AK$37,0))),"—",INDEX(Results_Long!$K$2:$K$37,MATCH("G10|panel_es_method|computed vs star-bound|pairwise_contrast",Results_Long!$AK$2:$AK$37,0))) -> -0.0010134554 | C16: =IF(ISBLANK(INDEX(Results_Long!$P$2:$P$37,MATCH("G10|panel_es_method|computed vs star-bound|pairwise_contrast",Results_Long!$AK$2:$AK$37,0))),"—",INDEX(Results_Long!$P$2:$P$37,MATCH("G10|panel_es_method|computed vs star-bound|pairwise_contrast",Results_Long!$AK$2:$AK$37,0))) -> — | D16: =IF(ISBLANK(INDEX(Results_Long!$Q$2:$Q$37,MATCH("G10|panel_es_method|computed vs star-bound|pairwise_contrast",Results_Long!$AK$2:$AK$37,0))),"—",INDEX(Results_Long!$Q$2:$Q$37,MATCH("G10|panel_es_method|computed vs star-bound|pairwise_contrast",Results_Long!$AK$2:$AK$37,0))) -> — | E16: =IF(ISBLANK(INDEX(Results_Long!$N$2:$N$37,MATCH("G10|panel_es_method|computed vs star-bound|pairwise_contrast",Results_Long!$AK$2:$AK$37,0))),"—",INDEX(Results_Long!$N$2:$N$37,MATCH("G10|panel_es_method|computed vs star-bound|pairwise_contrast",Results_Long!$AK$2:$AK$37,0))) -> 3.1224998 | F16: =IF(ISBLANK(INDEX(Results_Long!$O$2:$O$37,MATCH("G10|panel_es_method|computed vs star-bound|pairwise_contrast",Results_Long!$AK$2:$AK$37,0))),"—",INDEX(Results_Long!$O$2:$O$37,MATCH("G10|panel_es_method|computed vs star-bound|pairwise_contrast",Results_Long!$AK$2:$AK$37,0))) -> 0.97825974 | G16: =IF(INDEX(Results_Long!$N$2:$N$37,MATCH("G10|panel_es_method|computed vs star-bound|pairwise_contrast",Results_Long!$AK$2:$AK$37,0))<5,"df < 5 — descriptive","") -> df < 5 — descriptive
A17: computed vs v10-adopted | B17: =IF(ISBLANK(INDEX(Results_Long!$K$2:$K$37,MATCH("G10|panel_es_method|computed vs v10-adopted|pairwise_contrast",Results_Long!$AK$2:$AK$37,0))),"—",INDEX(Results_Long!$K$2:$K$37,MATCH("G10|panel_es_method|computed vs v10-adopted|pairwise_contrast",Results_Long!$AK$2:$AK$37,0))) -> 0.037377406 | C17: =IF(ISBLANK(INDEX(Results_Long!$P$2:$P$37,MATCH("G10|panel_es_method|computed vs v10-adopted|pairwise_contrast",Results_Long!$AK$2:$AK$37,0))),"—",INDEX(Results_Long!$P$2:$P$37,MATCH("G10|panel_es_method|computed vs v10-adopted|pairwise_contrast",Results_Long!$AK$2:$AK$37,0))) -> — | D17: =IF(ISBLANK(INDEX(Results_Long!$Q$2:$Q$37,MATCH("G10|panel_es_method|computed vs v10-adopted|pairwise_contrast",Results_Long!$AK$2:$AK$37,0))),"—",INDEX(Results_Long!$Q$2:$Q$37,MATCH("G10|panel_es_method|computed vs v10-adopted|pairwise_contrast",Results_Long!$AK$2:$AK$37,0))) -> — | E17: =IF(ISBLANK(INDEX(Results_Long!$N$2:$N$37,MATCH("G10|panel_es_method|computed vs v10-adopted|pairwise_contrast",Results_Long!$AK$2:$AK$37,0))),"—",INDEX(Results_Long!$N$2:$N$37,MATCH("G10|panel_es_method|computed vs v10-adopted|pairwise_contrast",Results_Long!$AK$2:$AK$37,0))) -> 14.973992 | F17: =IF(ISBLANK(INDEX(Results_Long!$O$2:$O$37,MATCH("G10|panel_es_method|computed vs v10-adopted|pairwise_contrast",Results_Long!$AK$2:$AK$37,0))),"—",INDEX(Results_Long!$O$2:$O$37,MATCH("G10|panel_es_method|computed vs v10-adopted|pairwise_contrast",Results_Long!$AK$2:$AK$37,0))) -> 0.4089672 | G17: =IF(INDEX(Results_Long!$N$2:$N$37,MATCH("G10|panel_es_method|computed vs v10-adopted|pairwise_contrast",Results_Long!$AK$2:$AK$37,0))<5,"df < 5 — descriptive","")
A18: bivariate vs star-bound | B18: =IF(ISBLANK(INDEX(Results_Long!$K$2:$K$37,MATCH("G10|panel_es_method|bivariate vs star-bound|pairwise_contrast",Results_Long!$AK$2:$AK$37,0))),"—",INDEX(Results_Long!$K$2:$K$37,MATCH("G10|panel_es_method|bivariate vs star-bound|pairwise_contrast",Results_Long!$AK$2:$AK$37,0))) -> 0.034964172 | C18: =IF(ISBLANK(INDEX(Results_Long!$P$2:$P$37,MATCH("G10|panel_es_method|bivariate vs star-bound|pairwise_contrast",Results_Long!$AK$2:$AK$37,0))),"—",INDEX(Results_Long!$P$2:$P$37,MATCH("G10|panel_es_method|bivariate vs star-bound|pairwise_contrast",Results_Long!$AK$2:$AK$37,0))) -> — | D18: =IF(ISBLANK(INDEX(Results_Long!$Q$2:$Q$37,MATCH("G10|panel_es_method|bivariate vs star-bound|pairwise_contrast",Results_Long!$AK$2:$AK$37,0))),"—",INDEX(Results_Long!$Q$2:$Q$37,MATCH("G10|panel_es_method|bivariate vs star-bound|pairwise_contrast",Results_Long!$AK$2:$AK$37,0))) -> — | E18: =IF(ISBLANK(INDEX(Results_Long!$N$2:$N$37,MATCH("G10|panel_es_method|bivariate vs star-bound|pairwise_contrast",Results_Long!$AK$2:$AK$37,0))),"—",INDEX(Results_Long!$N$2:$N$37,MATCH("G10|panel_es_method|bivariate vs star-bound|pairwise_contrast",Results_Long!$AK$2:$AK$37,0))) -> 6.188306 | F18: =IF(ISBLANK(INDEX(Results_Long!$O$2:$O$37,MATCH("G10|panel_es_method|bivariate vs star-bound|pairwise_contrast",Results_Long!$AK$2:$AK$37,0))),"—",INDEX(Results_Long!$O$2:$O$37,MATCH("G10|panel_es_method|bivariate vs star-bound|pairwise_contrast",Results_Long!$AK$2:$AK$37,0))) -> 0.43059457 | G18: =IF(INDEX(Results_Long!$N$2:$N$37,MATCH("G10|panel_es_method|bivariate vs star-bound|pairwise_contrast",Results_Long!$AK$2:$AK$37,0))<5,"df < 5 — descriptive","")
A19: bivariate vs v10-adopted | B19: =IF(ISBLANK(INDEX(Results_Long!$K$2:$K$37,MATCH("G10|panel_es_method|bivariate vs v10-adopted|pairwise_contrast",Results_Long!$AK$2:$AK$37,0))),"—",INDEX(Results_Long!$K$2:$K$37,MATCH("G10|panel_es_method|bivariate vs v10-adopted|pairwise_contrast",Results_Long!$AK$2:$AK$37,0))) -> 0.073355034 | C19: =IF(ISBLANK(INDEX(Results_Long!$P$2:$P$37,MATCH("G10|panel_es_method|bivariate vs v10-adopted|pairwise_contrast",Results_Long!$AK$2:$AK$37,0))),"—",INDEX(Results_Long!$P$2:$P$37,MATCH("G10|panel_es_method|bivariate vs v10-adopted|pairwise_contrast",Results_Long!$AK$2:$AK$37,0))) -> — | D19: =IF(ISBLANK(INDEX(Results_Long!$Q$2:$Q$37,MATCH("G10|panel_es_method|bivariate vs v10-adopted|pairwise_contrast",Results_Long!$AK$2:$AK$37,0))),"—",INDEX(Results_Long!$Q$2:$Q$37,MATCH("G10|panel_es_method|bivariate vs v10-adopted|pairwise_contrast",Results_Long!$AK$2:$AK$37,0))) -> — | E19: =IF(ISBLANK(INDEX(Results_Long!$N$2:$N$37,MATCH("G10|panel_es_method|bivariate vs v10-adopted|pairwise_contrast",Results_Long!$AK$2:$AK$37,0))),"—",INDEX(Results_Long!$N$2:$N$37,MATCH("G10|panel_es_method|bivariate vs v10-adopted|pairwise_contrast",Results_Long!$AK$2:$AK$37,0))) -> 31.667633 | F19: =IF(ISBLANK(INDEX(Results_Long!$O$2:$O$37,MATCH("G10|panel_es_method|bivariate vs v10-adopted|pairwise_contrast",Results_Long!$AK$2:$AK$37,0))),"—",INDEX(Results_Long!$O$2:$O$37,MATCH("G10|panel_es_method|bivariate vs v10-adopted|pairwise_contrast",Results_Long!$AK$2:$AK$37,0))) -> 0.14974038 | G19: =IF(INDEX(Results_Long!$N$2:$N$37,MATCH("G10|panel_es_method|bivariate vs v10-adopted|pairwise_contrast",Results_Long!$AK$2:$AK$37,0))<5,"df < 5 — descriptive","")
A20: star-bound vs v10-adopted | B20: =IF(ISBLANK(INDEX(Results_Long!$K$2:$K$37,MATCH("G10|panel_es_method|star-bound vs v10-adopted|pairwise_contrast",Results_Long!$AK$2:$AK$37,0))),"—",INDEX(Results_Long!$K$2:$K$37,MATCH("G10|panel_es_method|star-bound vs v10-adopted|pairwise_contrast",Results_Long!$AK$2:$AK$37,0))) -> 0.038390862 | C20: =IF(ISBLANK(INDEX(Results_Long!$P$2:$P$37,MATCH("G10|panel_es_method|star-bound vs v10-adopted|pairwise_contrast",Results_Long!$AK$2:$AK$37,0))),"—",INDEX(Results_Long!$P$2:$P$37,MATCH("G10|panel_es_method|star-bound vs v10-adopted|pairwise_contrast",Results_Long!$AK$2:$AK$37,0))) -> — | D20: =IF(ISBLANK(INDEX(Results_Long!$Q$2:$Q$37,MATCH("G10|panel_es_method|star-bound vs v10-adopted|pairwise_contrast",Results_Long!$AK$2:$AK$37,0))),"—",INDEX(Results_Long!$Q$2:$Q$37,MATCH("G10|panel_es_method|star-bound vs v10-adopted|pairwise_contrast",Results_Long!$AK$2:$AK$37,0))) -> — | E20: =IF(ISBLANK(INDEX(Results_Long!$N$2:$N$37,MATCH("G10|panel_es_method|star-bound vs v10-adopted|pairwise_contrast",Results_Long!$AK$2:$AK$37,0))),"—",INDEX(Results_Long!$N$2:$N$37,MATCH("G10|panel_es_method|star-bound vs v10-adopted|pairwise_contrast",Results_Long!$AK$2:$AK$37,0))) -> 5.8829117 | F20: =IF(ISBLANK(INDEX(Results_Long!$O$2:$O$37,MATCH("G10|panel_es_method|star-bound vs v10-adopted|pairwise_contrast",Results_Long!$AK$2:$AK$37,0))),"—",INDEX(Results_Long!$O$2:$O$37,MATCH("G10|panel_es_method|star-bound vs v10-adopted|pairwise_contrast",Results_Long!$AK$2:$AK$37,0))) -> 0.50764689 | G20: =IF(INDEX(Results_Long!$N$2:$N$37,MATCH("G10|panel_es_method|star-bound vs v10-adopted|pairwise_contrast",Results_Long!$AK$2:$AK$37,0))<5,"df < 5 — descriptive","")
A22: Interpretation
A23: Cell means r = −.058 (computed, 2,300 ES) / −.022 (bivariate) / −.057 (star-bound) / −.095 (v10-adopted); HTZ p = .565.
A24: The dominant computed route is indistinguishable from the headline; the star-bound sensitivity additionally has its dedicated full-sample spec (G1).
A26: Reviewer Q&A — Finance/Econometrics
A27: Question | B27: Answer
A28: The star-bound cell has df = 7.9 on 11 clusters — is its p meaningful? | B28: It is reported as-is with its Satterthwaite df under the descriptive regime; the dedicated star-bound stress test is G1, where the full sample without these 99 rows gives r = −.058.
A29: Why is one pairwise contrast flagged? | B29: computed vs star-bound carries df = 3.1 < 5; per the small-cell display convention [DEC-048] it is read descriptively.
A31: Reviewer Q&A — Management/BSE
A32: Question | B32: Answer
A33: Do converted effect sizes drive the result? | B33: No indication: the computed-route cell sits at r = −.058, the smaller routes scatter from −.022 to −.095 around it, HTZ p = .565.
A35: Mechanical outcome: cell means r = −.022 to −.095 with the dominant computed route at −.058; HTZ F = 0.71 (df = 11.0, p = .565) — no conversion-route artifact indicated; wording per the resolved gate [DEC-047].

Sheet Results_Long
A1: analysis_id | B1: spec | C1: subset | D1: term | E1: metric | F1: estimator | G1: rho | H1: k_es | I1: k_study | J1: k_cluster | K1: est_z | L1: se_z | M1: t_stat | N1: df | O1: p | P1: ci_lb_z | Q1: ci_ub_z | R1: pi_lb_z | S1: pi_ub_z | T1: est_r | U1: ci_lb_r | V1: ci_ub_r | W1: pi_lb_r | X1: pi_ub_r | Y1: sigma2_cluster | Z1: sigma2_study | AA1: sigma2_esid | AB1: pct_cluster | AC1: pct_study | AD1: pct_esid | AE1: pct_sampling | AF1: typical_v | AG1: value | AH1: ms_input | AI1: ms_label | AJ1: note | AK1: key
A2: G1 | B2: no_starbound | C2: estimation | D2: intrcpt | F2: =TRUE() -> TRUE | H2: 2614 | I2: 112 | J2: 111 | K2: -0.057981615 | L2: 0.014522068 | N2: 108.65345 | O2: 0.00011906297 | P2: -0.086764913 | Q2: -0.029198317 | T2: -0.057916727 | U2: -0.08654784 | V2: -0.029190023 | AJ2: drop es_method==star-bound (99 ES / 11 studies) | AK2: G1|no_starbound|estimation|intrcpt
A3: G2 | B3: no_nobs_proxyfill | C3: estimation | D3: intrcpt | F3: =TRUE() -> TRUE | H3: 2417 | I3: 109 | J3: 109 | K3: -0.03816762 | L3: 0.0047370703 | N3: 95.869275 | O3: 2.1661548e-12 | P3: -0.047570794 | Q3: -0.028764446 | T3: -0.038149097 | U3: -0.047534942 | V3: -0.028756516 | AJ3: drop flag_proxy_n==TRUE (296 rows; 297 on the usable basis incl. 134 FLAG-based, one tagged duplicate exits at the estimation filter; R-19) | AK3: G2|no_nobs_proxyfill|estimation|intrcpt
A4: G3 | B4: n_firms_variance | C4: estimation | D4: intrcpt | F4: =TRUE() -> TRUE | H4: 2713 | I4: 115 | J4: 114 | K4: -0.051361904 | L4: 0.0099606054 | N4: 109.89661 | O4: 1.1219714e-06 | P4: -0.071101693 | Q4: -0.031622116 | T4: -0.051316787 | U4: -0.070982118 | V4: -0.03161158 | AJ4: vi rebuilt on n_firms via adjustment recovery; 0 rows dropped (missing/invalid n_firms) | AK4: G3|n_firms_variance|estimation|intrcpt
A5: G4 | B5: direct_r_only | C5: estimation | D5: intrcpt | F5: =TRUE() -> TRUE | H5: 104 | I5: 52 | J5: 52 | K5: -0.037776735 | L5: 0.024100769 | N5: 49.503425 | O5: 0.1233804 | P5: -0.086196589 | Q5: 0.010643118 | T5: -0.037758776 | U5: -0.085983746 | V5: 0.010642716 | AJ5: es_method==bivariate; near-identical to G9 bivariate cell (delta 2 ES / 1 study) | AK5: G4|direct_r_only|estimation|intrcpt
A6: G5 | B6: pcc_df_k10 | C6: estimation | D6: intrcpt | F6: =TRUE() -> TRUE | H6: 2713 | I6: 115 | J6: 114 | K6: -0.058528013 | L6: 0.013892147 | N6: 111.63275 | O6: 5.1297295e-05 | P6: -0.086054509 | Q6: -0.031001516 | T6: -0.058461274 | U6: -0.085842715 | V6: -0.030991588 | AJ6: PCC vi = 1/(n-10-3); bivariate rows unchanged; 0 rows dropped (nonpositive vi) | AK6: G5|pcc_df_k10|estimation|intrcpt
A7: G5 | B7: pcc_df_k20 | C7: estimation | D7: intrcpt | F7: =TRUE() -> TRUE | H7: 2712 | I7: 115 | J7: 114 | K7: -0.058005717 | L7: 0.013936176 | N7: 111.57395 | O7: 6.2250522e-05 | P7: -0.085619616 | Q7: -0.030391819 | T7: -0.057940748 | U7: -0.08541101 | V7: -0.030382465 | AJ7: PCC vi = 1/(n-20-3); bivariate rows unchanged; 1 rows dropped (nonpositive vi) | AK7: G5|pcc_df_k20|estimation|intrcpt
A8: G6 | B8: one_per_cluster_median | C8: aggregate | D8: intrcpt | F8: =TRUE() -> TRUE | K8: -0.061991376 | L8: 0.016077242 | N8: 113 | O8: 0.00019212486 | P8: -0.093843293 | Q8: -0.030139459 | T8: -0.061912089 | U8: -0.093568781 | V8: -0.030130337 | AJ8: 114 cluster medians; vi of median-carrying row (even: mean of two middle); k=114 | AK8: G6|one_per_cluster_median|aggregate|intrcpt
A9: G7 | B9: panel_q_vhb | C9: 1_VHB high | D9: cell_mean | F9: =TRUE() -> TRUE | H9: 1591 | I9: 73 | J9: 73 | K9: -0.060016051 | L9: 0.020420293 | N9: 71.558782 | O9: 0.0044293243 | P9: -0.10072745 | Q9: -0.019304652 | T9: -0.059944097 | U9: -0.10038817 | V9: -0.019302254 | AJ9: NCE cell retained per D31.4; text feature = high vs low; publication-status inference single-homed in D5 | AK9: G7|panel_q_vhb|1_VHB high|cell_mean
A10: G7 | B10: panel_q_vhb | C10: 0_VHB low | D10: cell_mean | F10: =TRUE() -> TRUE | H10: 442 | I10: 28 | J10: 27 | K10: -0.056196632 | L10: 0.015121851 | N10: 25.312748 | O10: 0.0010074756 | P10: -0.087321169 | Q10: -0.025072096 | T10: -0.056137549 | U10: -0.087099903 | V10: -0.025066844 | AJ10: NCE cell retained per D31.4; text feature = high vs low; publication-status inference single-homed in D5 | AK10: G7|panel_q_vhb|0_VHB low|cell_mean
A11: G7 | B11: panel_q_vhb | C11: 99_NCE | D11: cell_mean | F11: =TRUE() -> TRUE | H11: 680 | I11: 14 | J11: 14 | K11: -0.056558164 | L11: 0.021894099 | N11: 12.98801 | O11: 0.022729385 | P11: -0.10386193 | Q11: -0.0092544007 | T11: -0.056497934 | U11: -0.10349007 | V11: -0.0092541365 | AJ11: NCE cell retained per D31.4; text feature = high vs low; publication-status inference single-homed in D5 | AK11: G7|panel_q_vhb|99_NCE|cell_mean
A12: G7 | B12: panel_q_vhb | C12: panel | D12: HTZ_omnibus | F12: =TRUE() -> TRUE | H12: 2713 | I12: 115 | J12: 114 | N12: 34.747536 | O12: 0.98833018 | AJ12: F=0.0117, df_num=2.0; descriptive [DEC-047] | AK12: G7|panel_q_vhb|panel|HTZ_omnibus
A13: G7 | B13: panel_q_vhb | C13: 1_VHB high vs 0_VHB low | D13: pairwise_contrast | F13: =TRUE() -> TRUE | K13: -0.0038194187 | L13: 0.025409816 | N13: 43.600743 | O13: 0.88121112 | AJ13: CR2/Satterthwaite (HTZ 1-df); z-scale only; descriptive [DEC-047] | AK13: G7|panel_q_vhb|1_VHB high vs 0_VHB low|pairwise_contrast
A14: G7 | B14: panel_q_vhb | C14: 1_VHB high vs 99_NCE | D14: pairwise_contrast | F14: =TRUE() -> TRUE | K14: -0.0034578871 | L14: 0.029938937 | N14: 18.613556 | O14: 0.90928732 | AJ14: CR2/Satterthwaite (HTZ 1-df); z-scale only; descriptive [DEC-047] | AK14: G7|panel_q_vhb|1_VHB high vs 99_NCE|pairwise_contrast
A15: G7 | B15: panel_q_vhb | C15: 0_VHB low vs 99_NCE | D15: pairwise_contrast | F15: =TRUE() -> TRUE | K15: 0.00036153168 | L15: 0.026608682 | N15: 27.959093 | O15: 0.98925598 | AJ15: CR2/Satterthwaite (HTZ 1-df); z-scale only; descriptive [DEC-047] | AK15: G7|panel_q_vhb|0_VHB low vs 99_NCE|pairwise_contrast
A16: G8 | B16: panel_field | C16: 1_fin/acc/econ | D16: cell_mean | F16: =TRUE() -> TRUE | H16: 1852 | I16: 67 | J16: 67 | K16: -0.045589697 | L16: 0.007684004 | N16: 64.892271 | O16: 1.267795e-07 | P16: -0.060936196 | Q16: -0.030243199 | T16: -0.045558139 | U16: -0.060860885 | V16: -0.030233981 | AK16: G8|panel_field|1_fin/acc/econ|cell_mean
A17: G8 | B17: panel_field | C17: 2_sust | D17: cell_mean | F17: =TRUE() -> TRUE | H17: 571 | I17: 32 | J17: 32 | K17: -0.089903325 | L17: 0.046990042 | N17: 30.605634 | O17: 0.065112211 | P17: -0.18579022 | Q17: 0.005983575 | T17: -0.089661888 | U17: -0.18368163 | V17: 0.0059835036 | AK17: G8|panel_field|2_sust|cell_mean
A18: G8 | B18: panel_field | C18: 3_mgmt | D18: cell_mean | F18: =TRUE() -> TRUE | H18: 290 | I18: 16 | J18: 16 | K18: -0.052160972 | L18: 0.013235717 | N18: 13.469308 | O18: 0.0015845348 | P18: -0.080654054 | Q18: -0.02366789 | T18: -0.052113718 | U18: -0.080479621 | V18: -0.023663472 | AK18: G8|panel_field|3_mgmt|cell_mean
A19: G8 | B19: panel_field | C19: panel | D19: HTZ_omnibus | F19: =TRUE() -> TRUE | H19: 2713 | I19: 115 | J19: 114 | N19: 33.539549 | O19: 0.61724392 | AJ19: F=0.4895, df_num=2.0; descriptive [DEC-047] | AK19: G8|panel_field|panel|HTZ_omnibus
A20: G8 | B20: panel_field | C20: 1_fin/acc/econ vs 2_sust | D20: pairwise_contrast | F20: =TRUE() -> TRUE | K20: 0.044313628 | L20: 0.047614158 | N20: 58.817842 | O20: 0.3558225 | AJ20: CR2/Satterthwaite (HTZ 1-df); z-scale only; descriptive [DEC-047] | AK20: G8|panel_field|1_fin/acc/econ vs 2_sust|pairwise_contrast
A21: G8 | B21: panel_field | C21: 1_fin/acc/econ vs 3_mgmt | D21: pairwise_contrast | F21: =TRUE() -> TRUE | K21: 0.0065712747 | L21: 0.014804655 | N21: 16.009699 | O21: 0.66308045 | AJ21: CR2/Satterthwaite (HTZ 1-df); z-scale only; descriptive [DEC-047] | AK21: G8|panel_field|1_fin/acc/econ vs 3_mgmt|pairwise_contrast
A22: G8 | B22: panel_field | C22: 2_sust vs 3_mgmt | D22: pairwise_contrast | F22: =TRUE() -> TRUE | K22: -0.037742353 | L22: 0.048818524 | N22: 27.740419 | O22: 0.44599223 | AJ22: CR2/Satterthwaite (HTZ 1-df); z-scale only; descriptive [DEC-047] | AK22: G8|panel_field|2_sust vs 3_mgmt|pairwise_contrast
A23: G9 | B23: panel_es_measure | C23: partial | D23: cell_mean | F23: =TRUE() -> TRUE | H23: 2607 | I23: 114 | J23: 113 | K23: -0.062212218 | L23: 0.014072004 | N23: 111.42289 | O23: 2.2933589e-05 | P23: -0.090095666 | Q23: -0.034328769 | T23: -0.06213208 | U23: -0.089852679 | V23: -0.03431529 | AJ23: featured axis (van Aert partial vs bivariate) | AK23: G9|panel_es_measure|partial|cell_mean
A24: G9 | B24: panel_es_measure | C24: bivariate | D24: cell_mean | F24: =TRUE() -> TRUE | H24: 106 | I24: 53 | J24: 53 | K24: -0.025905937 | L24: 0.030000649 | N24: 80.980355 | O24: 0.3904061 | P24: -0.085598037 | Q24: 0.033786163 | T24: -0.025900143 | U24: -0.085389588 | V24: 0.033773314 | AJ24: featured axis (van Aert partial vs bivariate) | AK24: G9|panel_es_measure|bivariate|cell_mean
A25: G9 | B25: panel_es_measure | C25: panel | D25: HTZ_omnibus | F25: =TRUE() -> TRUE | H25: 2713 | I25: 115 | J25: 114 | N25: 36.897154 | O25: 0.21805181 | AJ25: F=1.5703, df_num=1.0; descriptive [DEC-047] | AK25: G9|panel_es_measure|panel|HTZ_omnibus
A26: G9 | B26: panel_es_measure | C26: partial vs bivariate | D26: pairwise_contrast | F26: =TRUE() -> TRUE | K26: -0.036306281 | L26: 0.028973126 | N26: 36.897154 | O26: 0.21805181 | AJ26: CR2/Satterthwaite (HTZ 1-df); z-scale only; descriptive [DEC-047] | AK26: G9|panel_es_measure|partial vs bivariate|pairwise_contrast
A27: G10 | B27: panel_es_method | C27: computed | D27: cell_mean | F27: =TRUE() -> TRUE | H27: 2300 | I27: 105 | J27: 104 | K27: -0.057974911 | L27: 0.012149058 | N27: 110.43364 | O27: 5.6251595e-06 | P27: -0.082050441 | Q27: -0.03389938 | T27: -0.057910045 | U27: -0.081866807 | V27: -0.033886401 | AJ27: main-effect-only per Annex C (method artifact) | AK27: G10|panel_es_method|computed|cell_mean
A28: G10 | B28: panel_es_method | C28: bivariate | D28: cell_mean | F28: =TRUE() -> TRUE | H28: 104 | I28: 52 | J28: 52 | K28: -0.021997283 | L28: 0.030030076 | N28: 79.903532 | O28: 0.46600165 | P28: -0.081760146 | Q28: 0.03776558 | T28: -0.021993736 | U28: -0.081578451 | V28: 0.037747636 | AJ28: main-effect-only per Annex C (method artifact) | AK28: G10|panel_es_method|bivariate|cell_mean
A29: G10 | B29: panel_es_method | C29: star-bound | D29: cell_mean | F29: =TRUE() -> TRUE | H29: 99 | I29: 11 | J29: 11 | K29: -0.056961455 | L29: 0.034558003 | N29: 7.8723163 | O29: 0.13851902 | P29: -0.1368779 | Q29: 0.022954986 | T29: -0.056899929 | U29: -0.13602943 | V29: 0.022950955 | AJ29: main-effect-only per Annex C (method artifact) | AK29: G10|panel_es_method|star-bound|cell_mean
A30: G10 | B30: panel_es_method | C30: v10-adopted | D30: cell_mean | F30: =TRUE() -> TRUE | H30: 210 | I30: 29 | J30: 29 | K30: -0.095352317 | L30: 0.04776161 | N30: 51.28254 | O30: 0.051209965 | P30: -0.19122493 | Q30: 0.00052029106 | T30: -0.095064381 | U30: -0.18892768 | V30: 0.00052029101 | AJ30: main-effect-only per Annex C (method artifact) | AK30: G10|panel_es_method|v10-adopted|cell_mean
A31: G10 | B31: panel_es_method | C31: panel | D31: HTZ_omnibus | F31: =TRUE() -> TRUE | H31: 2713 | I31: 115 | J31: 114 | N31: 11.049809 | O31: 0.56543748 | AJ31: F=0.7109, df_num=3.0; descriptive [DEC-047] | AK31: G10|panel_es_method|panel|HTZ_omnibus
A32: G10 | B32: panel_es_method | C32: computed vs bivariate | D32: pairwise_contrast | F32: =TRUE() -> TRUE | K32: -0.035977628 | L32: 0.029934587 | N32: 37.203777 | O32: 0.23700674 | AJ32: CR2/Satterthwaite (HTZ 1-df); z-scale only; descriptive [DEC-047] | AK32: G10|panel_es_method|computed vs bivariate|pairwise_contrast
A33: G10 | B33: panel_es_method | C33: computed vs star-bound | D33: pairwise_contrast | F33: =TRUE() -> TRUE | K33: -0.0010134554 | L33: 0.034368618 | N33: 3.1224998 | O33: 0.97825974 | AJ33: CR2/Satterthwaite (HTZ 1-df); z-scale only; descriptive [DEC-047] | AK33: G10|panel_es_method|computed vs star-bound|pairwise_contrast
A34: G10 | B34: panel_es_method | C34: computed vs v10-adopted | D34: pairwise_contrast | F34: =TRUE() -> TRUE | K34: 0.037377406 | L34: 0.043998056 | N34: 14.973992 | O34: 0.4089672 | AJ34: CR2/Satterthwaite (HTZ 1-df); z-scale only; descriptive [DEC-047] | AK34: G10|panel_es_method|computed vs v10-adopted|pairwise_contrast
A35: G10 | B35: panel_es_method | C35: bivariate vs star-bound | D35: pairwise_contrast | F35: =TRUE() -> TRUE | K35: 0.034964172 | L35: 0.041475315 | N35: 6.188306 | O35: 0.43059457 | AJ35: CR2/Satterthwaite (HTZ 1-df); z-scale only; descriptive [DEC-047] | AK35: G10|panel_es_method|bivariate vs star-bound|pairwise_contrast
A36: G10 | B36: panel_es_method | C36: bivariate vs v10-adopted | D36: pairwise_contrast | F36: =TRUE() -> TRUE | K36: 0.073355034 | L36: 0.049688612 | N36: 31.667633 | O36: 0.14974038 | AJ36: CR2/Satterthwaite (HTZ 1-df); z-scale only; descriptive [DEC-047] | AK36: G10|panel_es_method|bivariate vs v10-adopted|pairwise_contrast
A37: G10 | B37: panel_es_method | C37: star-bound vs v10-adopted | D37: pairwise_contrast | F37: =TRUE() -> TRUE | K37: 0.038390862 | L37: 0.054441769 | N37: 5.8829117 | O37: 0.50764689 | AJ37: CR2/Satterthwaite (HTZ 1-df); z-scale only; descriptive [DEC-047] | AK37: G10|panel_es_method|star-bound vs v10-adopted|pairwise_contrast

Sheet Manuscript_Inputs
A1: Manuscript inputs — ms_input = TRUE rows only
A2: Every cell formula-derived from Results_Long; strings built locale-neutrally (documented TEXT() deviation, see 4_Formula_Reference)
A3: Paste-ready English fragments
A5: ms_label | B5: analysis | C5: quantity | D5: paste-ready (EN) | E5: k
A6: No rows flagged ms_input in TG_results.csv — formula-live citables via 6_Spine_Variants and the panel tabs; prose via TB-65…TB-68.

Sheet Manuscript_Text_Blocks
A1: Manuscript text blocks — TB numbering continues across runs (TG starts at TB-65)
A2: Numbers hardcoded from output/TG_results.csv + output/T1_results.csv @ c935b28 — regenerate on any re-run; formula-live layer = Manuscript_Inputs
A4: ID | B4: Target section | C4: Status | D4: Text (EN) | E4: Source pointers | F4: Note
A5: TB-65 | B5: Robustness — register overview | C5: DRAFT | D5: The robustness register (Appendix Table G11; machine-readable output/robustness_register.csv) collects every pre-registered robustness specification in one long table: the Block-A estimator family, the eleven Block-G rows reported here, and the Block-F outlier and influence family. In its current partial state the register carries the A- and G-block rows; the F rows are appended by the pre-registered outlier analysis before submission. Across all populated rows the pooled CER–COD association keeps its negative sign and stays inside the pre-registered SESOI band (|r| ≤ .070); the two largest movements are the proxy-filled sample-size drop (r = −.038) and the directly reported-correlation subset (r = −.038, CI covering zero on 52 studies), both disclosed individually. | E5: robustness_register.csv; [DEC-050 §10; DEC-031a.8] | F5: Final wording after the F append.
A6: TB-66 | B6: Robustness — spine & aggregation variants | C6: READY | D6: Seven alternative estimators of the pooled association leave the headline reading intact. Excluding the 99 star-bound effect sizes (r = −.058), rebuilding the sampling variance on firm counts instead of firm-years (r = −.051), shifting the partial-correlation df convention to k = 10 or k = 20 (r = −.058 in both cases), and replacing the rho-based cluster aggregation with an assumption-free cluster-median analysis (r = −.062) all reproduce the headline estimate of r = −.059 to within .008 on the r scale. Two specifications attenuate the association: dropping the 296 proxy-filled sample-size rows (r = −.038, 95% CI [−.048, −.029]) and restricting to directly reported correlations (r = −.038, 95% CI [−.086, .011], 52 studies) — both retain the negative sign and, like every other row, lie inside the pre-registered SESOI band of |r| = .070. | E6: TG_results.csv G1–G6; 6_Spine_Variants; [DEC-050 §5; DEC-050a]
A7: TB-67 | B7: Robustness — technical panels | C7: READY | D7: Four technical level panels complete the register. The featured axis contrasts partial and bivariate effect sizes (van Aert, 2023): the partial-correlation cell averages r = −.062 and the small bivariate cell r = −.026 (106 effect sizes, 53 clusters), with a panel HTZ of F = 1.57 (df = 36.9, p = .218) — descriptive under the resolved gate. Because the bivariate cell and the directly-reported-correlation specification coincide on v12 up to 2 effect sizes and 1 study, the two rows are cross-referenced rather than read as independent checks. Journal-quality and research-field cells vary between r = −.046 and −.090 with panel HTZ p-values of .988 and .617; the conversion-route panel (main-effect-only by design) spans r = −.022 to −.095 with HTZ p = .565. The not-classified journal cell is carried descriptively, with publication-status inference single-homed in the selection-model block. | E7: TG_results.csv G7–G10; tabs 7–10; [DEC-050 §5–6; D31.4]
A8: TB-68 | B8: Robustness — register availability | C8: READY | D8: The machine-readable robustness register (output/robustness_register.csv) accompanies the appendix in partial form: all Block-A and Block-G rows are populated and source-verified; the Block-F outlier and influence rows are appended by the pre-registered outlier analysis, at which point the register closes. | E8: [DEC-050 §10] | F8: Supersession expected at F-close.
