Workbook

Sheet 1_README
A1: TH-c (simulation & permutation family) · README
A2: Template: docs/results_workbook_template.md (binding; 13-tab SOMA)
A3: Run finished 2026-07-26 17:39 (canonical) · runtime 44.3 h · verifier R/09_verify_outputs.R 19/19 PASS · chat artefact check 2026-07-26 18/18 PASS · output/TH_c_results.csv 1347x36 · counters fits/fallback/fail: 11,500/92/0 (pass) · 540/3/0 (curve) · 200/2/0 (calibration) · eff_B 500/500/500 · not_estimable cells: 0
A5: Item | B5: Value
A6: Workbook version | B6: v1.0 (built post-run by project chat; verifier never reads this file)
A7: Method one-liner | B7: Simulation & permutation family: design-based MDE/power battery with full-REML calibration (H1), 1,260-cell specification curve with joint time-translation permutation (H3), permutation references for the sup-break (H4) and race (H5) statistics.
A8: Scope | B8: H1 (6 scenarios x 9-point delta grid + calibration), H3 (1,260 cells + core family + whole-curve stats), H4 perm, H5 perm; period domain 2,705 ES / 113 studies / 112 clusters.
A9: Repo / commit basis | B9: rwitte-wu-research/FOMA-CER-COD-Paris; chain 5a99de6 -> e44fce7 (#12) -> fce9d3a (#13) -> dafd95e (#14); family commit lands on dafd95e (main = origin)
A10: Computational stack | B10: R 4.6.1 (ucrt) · metafor 5.0-1 · clubSandwich 0.7.0 · Matrix 1.7-5 · Windows 11 x64 (26200) · reference BLAS single-threaded + per-worker thread guards
A11: Scripts | B11: R/09_sim_perm.R + R/09_verify_outputs.R (paired verifier, 19/19 PASS)
A12: Decision basis | B12: DEC-045 (E/H execution spec incl. supersessions S1-S9) · DEC-031f (optimizer ladder) · DEC-044 (framing A; language gate UNRESOLVED - see 3_Interpretation_Guide)
A13: Framing gate | B13: Framing gate [DEC-044]: all TOST flags and permutation p-values in this workbook are MECHANICAL values; no evidence-of-absence or verdict language is used anywhere; adjudication happens as the documented gate-resolution step after TH-b (H2a/H2b RoBMA).
A14: TAB-INDEX | B14: 1_README | 2_Methodology | 3_Interpretation_Guide | 4_Formula_Reference | 5_Data_Provenance | 6_H1_MDE_Power | 7_H3_Spec_Curve | 8_H3_Core_Family | 9_H4_Perm_Sup | 10_H5_Perm_Race | Results_Long | Manuscript_Inputs | Manuscript_Text_Blocks

Sheet 2_Methodology
A1: TH-c (simulation & permutation family) · Methodology
A2: Quantity | Formula / Construction | Reference (project notation)
A3: Run finished 2026-07-26 17:39 (canonical) · runtime 44.3 h · verifier R/09_verify_outputs.R 19/19 PASS · chat artefact check 2026-07-26 18/18 PASS · output/TH_c_results.csv 1347x36 · counters fits/fallback/fail: 11,500/92/0 (pass) · 540/3/0 (curve) · 200/2/0 (calibration) · eff_B 500/500/500 · not_estimable cells: 0
A5: Quantity | B5: Formula / Construction | C5: Reference
A6: H1 power precompute | B6: Design-based, y-free: SE and Satterthwaite df of the pp_mid contrast precomputed from X = [1, pp_mid], V and the FIXED variance components; delta enters as a noncentral shift of one B = 5,000 stream; power(delta) on the 9-point grid delta = 0.00..0.08 | C6: [DEC-045/H-Q14/R1] [plan A.13]
A7: H1 MDE definition | B7: MDE = smallest delta with power >= .80 (resp. .90), linear interpolation on the grid; NA = above the grid ceiling 0.08 (disclosed) | C7: [DEC-045/H-Q14]
A8: H1 variance scenarios | B8: own x0.5/x1.0/x2.0 = T1/A2 components (0.0197455 / 1.02e-09 / 0.0118832) scaled; coe x0.5/x1.0/x2.0 = one-level lower bound tau2_COE = (0.083/3.92)^2, allocated by T1/A2 proportions [S4]; fixed VC are DESIGN INPUTS here (semantically licensed for MDE, prohibited in H3/H5 inference) | C8: [H-Q4] [DEC-045 S4] [project pin]
A9: H1 calibration | B9: 200 full REML (optimizer ladder) + CR2/Satterthwaite refits at delta = 0.08 (primary scenario; MDE above ceiling -> calibrated at the 0.08 fallback, disclosed); optimism = 0.80 - rejection rate (positive = precompute stream optimistic) | C9: [H-Q14] [DEC-045]
A10: H3 factor space | B10: 1,260 cells = 10 Paris codings x 3 outlier treatments (none/rstudent/winsor) x 2 ES sets (full/no_starbound) x 3 df bases (dfE/k10/k20) x 7 estimator-rho variants (3LMA-RVE CR2 rho .4/.6/.8; one-per-cluster rho .4/.6/.8; UWLS3); 10-coding family frozen verbatim from committed T2 output [D1 amendment] | C10: [DEC-045 S2/S3] [Steegen et al. 2016; Simonsohn et al. 2020 [PK]]
A11: H3 core family & whole-curve stats | B11: Core = 10 codings x 3LMA-RVE x rho .6 x dfE x outlier none x full set; statistic 1 = share of core cells with p < .05, statistic 2 = median |t| over core cells | C11: [DEC-045 S3] [H-Q15]
A12: Joint permutation (H3/H4/H5) | B12: ONE cluster time-translation per replicate applied jointly; codings re-derived per replicate; 23 fits per replicate in ONE pass (H5 race + H4 12 breaks + 10 core cells); p = (1 + #{|stat_perm| >= |stat_obs|}) / (B_eff + 1); B = 500 [S5]; identical permutation list across H3/H4/H5 | C12: [H-Q15/H-Q16/H-Q20/R3] [DEC-045 S5]
A13: H4/H5 observed anchors | B13: H4: sup |t| over the 12-year admissible set fixed at the observed design (read from TH_a_results.csv, membership-verified); H5: |t_race| of the pp_mid coefficient in the T8 race model (F65 anchor gates passed at 1e-9/1e-6) | C13: [H-Q20] [F65] [DEC-045]
A14: Outlier treatments | B14: rstudent mask: |standardized marginal residual| > 3 from the full-set intercept spine (mu = -0.058647, sum sigma2 = 0.031629), computed ONCE, fixed across cells and replicates (13 ES); winsor: zi at empirical P1/P99 of the full set [-0.380770; 0.184715], computed once | C14: [DEC-045 amendment] [Aguinis & Joo 2013; Leys et al. 2013 [PK]]
A15: df bases | B15: dfE = F21 base vi = 1/(n-3); k10/k20 via identity vi_k = 1/(1/vi - k) on PCC rows (= 1/(n-13), 1/(n-23)); bivariate rows carry base vi; k20 basis excludes 1 tiny-n row (disclosed) | C15: [DEC-028] [F21] [DEC-045 amendment]
A16: Determinism | B16: Permutation list generated FIRST under seed 20260710 (112 x 500, output/TH_c_perms.rds, md5-pinned); workers receive indices (scheduling-invariant); reference BLAS single-threaded + per-worker OMP/OPENBLAS/MKL guards; execution order pinned: PERMS -> masks -> H1 stream -> H1 calibration -> permutation pass -> H3 curve | C16: [DEC-045] [TH_design rows]

Sheet 3_Interpretation_Guide
A1: TH-c (simulation & permutation family) · Interpretation Guide
A2: How to read each reported quantity; thresholds with citations
A3: Framing gate [DEC-044]: all TOST flags and permutation p-values in this workbook are MECHANICAL values; no evidence-of-absence or verdict language is used anywhere; adjudication happens as the documented gate-resolution step after TH-b (H2a/H2b RoBMA).
A5: Quantity | B5: Meaning | C5: Decision rule
A6: p_perm | B6: (1 + exceedances) / (B_eff + 1); minimum attainable value 1/(B_eff+1) ~ 0.002 | C6: Compare to alpha mechanically; p_perm(share) = 1.000 means NO replicate produced a smaller/equal-extreme share statistic than observed - tabulated without verdict language
A7: MDE80 / MDE90 = NA | B7: Smallest detectable contrast lies above the pre-registered grid ceiling 0.08 [§6(i)] | C7: Disclose the ceiling and the power at 0.08 (table rows); never extrapolate beyond the grid
A8: optimism (calibration) | B8: 0.80 - full-REML rejection rate at the calibration point | C8: Positive = analytic precompute stream optimistic relative to full REML at the 0.80 target
A9: eff_B | B9: Effective replicates with finite statistic; failed replicates dropped from the denominator | C9: Fail share <= 0.01 enforced; here 500/500/500 (zero drops)
A10: UWLS3 rows (df ~ 2,703) | B10: Unrestricted WLS with k+3 convention; ES-level df by construction | C10: Different estimand family; included as the estimator-structure axis of the multiverse [S2], not as a spine alternative
A11: one_per_cluster rows (df = 111) | B11: Cluster-aggregated two-level check | C11: Assumption-lean second opinion; rho enters via the aggregation working correlation
A12: core vs. full curve | B12: Core = pre-registered 10-cell family; full curve = all 1,260 cells | C12: Inference on the core (joint permutation); the full curve is descriptive breadth
A13: Framing gate | B13: Framing gate [DEC-044]: all TOST flags and permutation p-values in this workbook are MECHANICAL values; no evidence-of-absence or verdict language is used anywhere; adjudication happens as the documented gate-resolution step after TH-b (H2a/H2b RoBMA). | C13: [DEC-044]

Sheet 4_Formula_Reference
A1: TH-c (simulation & permutation family) · Formula Reference
A2: Exact calls as implemented (from run notes / run_meta)
A3: Run finished 2026-07-26 17:39 (canonical) · runtime 44.3 h · verifier R/09_verify_outputs.R 19/19 PASS · chat artefact check 2026-07-26 18/18 PASS · output/TH_c_results.csv 1347x36 · counters fits/fallback/fail: 11,500/92/0 (pass) · 540/3/0 (curve) · 200/2/0 (calibration) · eff_B 500/500/500 · not_estimable cells: 0
A5: Quantity | B5: R call | C5: Reference / script section
A6: Power precompute | B6: se_d <- sqrt(crossprod(c, vcovCR2_yfree) c); df_Satt y-free; power <- pt(qt(.975, df), df, ncp = delta/se_d, lower.tail = FALSE) + pt(-qt(.975, df), df, ncp = delta/se_d) | C6: R/09 H1 block [H-Q14/R1]
A7: MDE interpolation | B7: approx(power_grid, delta_grid, xout = 0.80)$y (resp. 0.90); NA if max(power_grid) < target | C7: R/09 H1
A8: Calibration refit | B8: rma.mv(zi + delta*pp_mid, V, mods = ~ pp_mid, random = ~1|cluster_id/study/esid, REML, optimizer ladder) x 200; reject = |t_CR2| > t_crit(df_Satt) | C8: R/09 H1 calibration
A9: Permutation pass | B9: for b in 1:500: translate cluster windows by perm[[b]]; re-derive all 10 codings; refit H5 race + 12 H4 breaks + 10 core cells (23 fits); collect |t| statistics | C9: R/09 perm pass [R3]
A10: Perm p | B10: p = (1 + sum(abs(stat_perm) >= abs(stat_obs))) / (eff_B + 1) | C10: R/09 [S5]
A11: Curve stats in-workbook | B11: COUNTIFS / _xlfn.MINIFS / _xlfn.MAXIFS over Results_Long H3 diff rows (single formula source) | C11: Tab 7_H3_Spec_Curve
A12: rstudent mask | B12: abs(zi - mu_spine) / sqrt(vi + sum_sigma2) > 3 on the full-set intercept spine; fixed once | C12: R/09 masks [DEC-045 amendment]
A13: Winsorization | B13: zi <- pmin(pmax(zi, q01), q99), bounds computed once on the full estimation set | C13: R/09 masks

Sheet 5_Data_Provenance
A1: TH-c (simulation & permutation family) · Data Provenance
A2: Estimation set, anchors, counters, environment, disclosures
A3: Run finished 2026-07-26 17:39 (canonical) · runtime 44.3 h · verifier R/09_verify_outputs.R 19/19 PASS · chat artefact check 2026-07-26 18/18 PASS · output/TH_c_results.csv 1347x36 · counters fits/fallback/fail: 11,500/92/0 (pass) · 540/3/0 (curve) · 200/2/0 (calibration) · eff_B 500/500/500 · not_estimable cells: 0
A5: Item | B5: Value | C5: Source
A6: Estimation set / domain | B6: Period domain 2,705 ES / 113 studies / 112 clusters (H3/H4/H5, H1 design); full-set spine anchors for masks | C6: TH_c_results.csv
A7: dat_prep md5 | B7: 6702ef3dc45fe0b693b13f50ebd1576b (identical to TH_a_run_meta - cross-run anchor) | C7: run_meta both runs
A8: Permutation list | B8: output/TH_c_perms.rds: 112 x 500 cluster permutations, generated FIRST under seed 20260710; md5 = 077d689b2dee2931467650585089888a; deliberately NOT in git (.gitignore output/*.rds); md5 triple-anchored (run_meta, design row, O13) | C8: TH_design perm_list; session log §1
A9: Run stamp / runtime | B9: Finished 2026-07-26 17:39:47; runtime 44.3 h vs. 13-15 h projected [§6(v)] - decomposition: single-fit benchmark 41.92 s (idle P-core) vs. ~96 CPU-s/fit under 11-worker load (measured probe); 92 ladder fallbacks; straggler scheduling; architecture externally validated via the O5 core anchors; lessons for R/07 pinned | C9: session log §1; [DEC-045]
A10: Counters | B10: fits/fallback/fail = 11,500/92/0 (permutation pass) · 540/3/0 (curve) · 200/2/0 (calibration); eff_B = 500/500/500; not_estimable cells = 0 [§6(ii) analogue] | C10: run_meta; verifier 19/19
A11: k20 exclusion [§6(iii)] | B11: Design row (verbatim): 'k20 basis excludes 1 row(s) with nonpositive/NA vi_k20 (tiny-n edge, n <= 23) from all k20 cells -- disclosed [DEC-045 amendment; author ruling 2026-07-24]'; the excluded row is Chodnicka-Jaworska (2022), n = 18, vi_k20 = NA; 2,607 PCC rows pass the identity assert at 1e-9 | C11: TH_design vi_k_identity; author ruling 2026-07-24
A12: Outlier constants [§6(iv)] | B12: rstudent mask = 13 ES at threshold 3 (full-set intercept spine, mu = -0.058647, sum sigma2 = 0.031629); winsor bounds [-0.380770; 0.184715] (empirical P1/P99, computed once) | C12: TH_design rstudent_mask / winsor_bounds
A13: H1 NA disclosure [§6(i)] | B13: MDE80 AND MDE90 = NA in own_x1.0 and own_x2.0 (grid ceiling 0.08); calibration rule-conformly executed at the 0.08 fallback and disclosed in the calibration note; power at 0.08 tabulated (0.7304 / 0.4476) | C13: TH_c_results.csv H1
A14: Observed anchors | B14: center_sample_mid = 2012.257855823 (in-script, constancy asserted); F65 gates PASSED: T8 B4/race/pp_mid_lag0 matched embedded constants at 1e-9, observed refit identity at 1e-6, |t_race_obs| = 1.052421; H4 admissible echo membership-verified against TH_a_results.csv | C14: TH_design rows
A15: Execution order / determinism | B15: PERMS -> masks -> H1 stream -> H1 calibration -> permutation pass (ONE pass, 23 fits/replicate) -> H3 curve; Windows CRAN reference BLAS single-threaded; OMP/OPENBLAS/MKL guards per worker | C15: TH_design execution_order / blas_note
A16: Repo basis | B16: 5a99de6 -> e44fce7 (#12) -> fce9d3a (#13) -> dafd95e (#14); family commit lands on dafd95e (main = origin); TH-c relaunch executed on dafd95e (post ERROR_LOG #13/#14 fixes) | C16: session log §1
A17: Environment | B17: R 4.6.1 ucrt · Windows 11 x64 (26200) · German_Austria.utf8 / LC_NUMERIC = C · TZ Europe/Vienna · metafor 5.0-1, clubSandwich 0.7.0, Matrix 1.7-5 (sessionInfo identical to TH-a) | C17: TH_c_run_meta sessionInfo

Sheet 6_H1_MDE_Power
A1: TH-c (simulation & permutation family) · H1 - design-based MDE / power battery (6 scenarios) + full-REML calibration
A2: Fixed variance components are DESIGN INPUTS here [H-Q4]; y-free precompute, noncentral-t power; MDE by grid interpolation, NA = above the 0.08 ceiling.
A3: Run finished 2026-07-26 17:39 (canonical) · runtime 44.3 h · verifier R/09_verify_outputs.R 19/19 PASS · chat artefact check 2026-07-26 18/18 PASS · output/TH_c_results.csv 1347x36 · counters fits/fallback/fail: 11,500/92/0 (pass) · 540/3/0 (curve) · 200/2/0 (calibration) · eff_B 500/500/500 · not_estimable cells: 0
A5: Panel row | B5: analysis_id | C5: spec | D5: subset | E5: term | F5: RL row | G5: k_es | H5: k_cl | I5: value | J5: note (verbatim)
A6: calibration: rejection rate (200 REML @ delta 0.08) | B6: H1 | C6: calibration | D6: defined | E6: rejection_rate | F6: =SUMPRODUCT((Results_Long!$A$2:$A$1348=$B6)*(Results_Long!$B$2:$B$1348=$C6)*(Results_Long!$C$2:$C$1348=$D6)*(Results_Long!$D$2:$D$1348=$E6)*ROW(Results_Long!$A$2:$A$1348)) -> 68 | G6: =IF(INDEX(Results_Long!$H:$H,$F6)="","NA",INDEX(Results_Long!$H:$H,$F6)) -> 2705 | H6: =IF(INDEX(Results_Long!$J:$J,$F6)="","NA",INDEX(Results_Long!$J:$J,$F6)) -> 112 | I6: =IF(INDEX(Results_Long!$AG:$AG,$F6)="","NA",INDEX(Results_Long!$AG:$AG,$F6)) -> 0.765 | J6: =IF(INDEX(Results_Long!$AJ:$AJ,$F6)="","NA",INDEX(Results_Long!$AJ:$AJ,$F6)) -> calibration subset [H-Q14]: 200 full REML (ladder) + CR2/Satt refits at delta = 0.080000 (primary scenario; MDE above grid ceiling -> calibrated at 0.08 (disclosed)); optimism = 0.80 - rejection rate (positive = stream optimistic); n effective = 200/200
A7: calibration: optimism (0.80 - rejection) | B7: H1 | C7: calibration | D7: defined | E7: optimism_diff | F7: =SUMPRODUCT((Results_Long!$A$2:$A$1348=$B7)*(Results_Long!$B$2:$B$1348=$C7)*(Results_Long!$C$2:$C$1348=$D7)*(Results_Long!$D$2:$D$1348=$E7)*ROW(Results_Long!$A$2:$A$1348)) -> 69 | G7: =IF(INDEX(Results_Long!$H:$H,$F7)="","NA",INDEX(Results_Long!$H:$H,$F7)) -> NA | H7: =IF(INDEX(Results_Long!$J:$J,$F7)="","NA",INDEX(Results_Long!$J:$J,$F7)) -> NA | I7: =IF(INDEX(Results_Long!$AG:$AG,$F7)="","NA",INDEX(Results_Long!$AG:$AG,$F7)) -> 0.035 | J7: =IF(INDEX(Results_Long!$AJ:$AJ,$F7)="","NA",INDEX(Results_Long!$AJ:$AJ,$F7)) -> calibration subset [H-Q14]: 200 full REML (ladder) + CR2/Satt refits at delta = 0.080000 (primary scenario; MDE above grid ceiling -> calibrated at 0.08 (disclosed)); optimism = 0.80 - rejection rate (positive = stream optimistic); reported as a design row [DEC-045]
A9: Panel row | B9: analysis_id | C9: spec | D9: subset | E9: term | F9: RL row | G9: df_Satt | H9: value
A10: own_x0.5 · power_delta_0.00 | B10: H1 | C10: own_x0.5 | D10: defined | E10: power_delta_0.00 | F10: =SUMPRODUCT((Results_Long!$A$2:$A$1348=$B10)*(Results_Long!$B$2:$B$1348=$C10)*(Results_Long!$C$2:$C$1348=$D10)*(Results_Long!$D$2:$D$1348=$E10)*ROW(Results_Long!$A$2:$A$1348)) -> 2 | G10: =IF(INDEX(Results_Long!$N:$N,$F10)="","NA",INDEX(Results_Long!$N:$N,$F10)) -> 11.576259 | H10: =IF(INDEX(Results_Long!$AG:$AG,$F10)="","NA",INDEX(Results_Long!$AG:$AG,$F10)) -> 0.032
A11: own_x0.5 · power_delta_0.01 | B11: H1 | C11: own_x0.5 | D11: defined | E11: power_delta_0.01 | F11: =SUMPRODUCT((Results_Long!$A$2:$A$1348=$B11)*(Results_Long!$B$2:$B$1348=$C11)*(Results_Long!$C$2:$C$1348=$D11)*(Results_Long!$D$2:$D$1348=$E11)*ROW(Results_Long!$A$2:$A$1348)) -> 3 | G11: =IF(INDEX(Results_Long!$N:$N,$F11)="","NA",INDEX(Results_Long!$N:$N,$F11)) -> 11.576259 | H11: =IF(INDEX(Results_Long!$AG:$AG,$F11)="","NA",INDEX(Results_Long!$AG:$AG,$F11)) -> 0.052
A12: own_x0.5 · power_delta_0.02 | B12: H1 | C12: own_x0.5 | D12: defined | E12: power_delta_0.02 | F12: =SUMPRODUCT((Results_Long!$A$2:$A$1348=$B12)*(Results_Long!$B$2:$B$1348=$C12)*(Results_Long!$C$2:$C$1348=$D12)*(Results_Long!$D$2:$D$1348=$E12)*ROW(Results_Long!$A$2:$A$1348)) -> 4 | G12: =IF(INDEX(Results_Long!$N:$N,$F12)="","NA",INDEX(Results_Long!$N:$N,$F12)) -> 11.576259 | H12: =IF(INDEX(Results_Long!$AG:$AG,$F12)="","NA",INDEX(Results_Long!$AG:$AG,$F12)) -> 0.1142
A13: own_x0.5 · power_delta_0.03 | B13: H1 | C13: own_x0.5 | D13: defined | E13: power_delta_0.03 | F13: =SUMPRODUCT((Results_Long!$A$2:$A$1348=$B13)*(Results_Long!$B$2:$B$1348=$C13)*(Results_Long!$C$2:$C$1348=$D13)*(Results_Long!$D$2:$D$1348=$E13)*ROW(Results_Long!$A$2:$A$1348)) -> 5 | G13: =IF(INDEX(Results_Long!$N:$N,$F13)="","NA",INDEX(Results_Long!$N:$N,$F13)) -> 11.576259 | H13: =IF(INDEX(Results_Long!$AG:$AG,$F13)="","NA",INDEX(Results_Long!$AG:$AG,$F13)) -> 0.238
A14: own_x0.5 · power_delta_0.04 | B14: H1 | C14: own_x0.5 | D14: defined | E14: power_delta_0.04 | F14: =SUMPRODUCT((Results_Long!$A$2:$A$1348=$B14)*(Results_Long!$B$2:$B$1348=$C14)*(Results_Long!$C$2:$C$1348=$D14)*(Results_Long!$D$2:$D$1348=$E14)*ROW(Results_Long!$A$2:$A$1348)) -> 6 | G14: =IF(INDEX(Results_Long!$N:$N,$F14)="","NA",INDEX(Results_Long!$N:$N,$F14)) -> 11.576259 | H14: =IF(INDEX(Results_Long!$AG:$AG,$F14)="","NA",INDEX(Results_Long!$AG:$AG,$F14)) -> 0.4132
A15: own_x0.5 · power_delta_0.05 | B15: H1 | C15: own_x0.5 | D15: defined | E15: power_delta_0.05 | F15: =SUMPRODUCT((Results_Long!$A$2:$A$1348=$B15)*(Results_Long!$B$2:$B$1348=$C15)*(Results_Long!$C$2:$C$1348=$D15)*(Results_Long!$D$2:$D$1348=$E15)*ROW(Results_Long!$A$2:$A$1348)) -> 7 | G15: =IF(INDEX(Results_Long!$N:$N,$F15)="","NA",INDEX(Results_Long!$N:$N,$F15)) -> 11.576259 | H15: =IF(INDEX(Results_Long!$AG:$AG,$F15)="","NA",INDEX(Results_Long!$AG:$AG,$F15)) -> 0.6004
A16: own_x0.5 · power_delta_0.06 | B16: H1 | C16: own_x0.5 | D16: defined | E16: power_delta_0.06 | F16: =SUMPRODUCT((Results_Long!$A$2:$A$1348=$B16)*(Results_Long!$B$2:$B$1348=$C16)*(Results_Long!$C$2:$C$1348=$D16)*(Results_Long!$D$2:$D$1348=$E16)*ROW(Results_Long!$A$2:$A$1348)) -> 8 | G16: =IF(INDEX(Results_Long!$N:$N,$F16)="","NA",INDEX(Results_Long!$N:$N,$F16)) -> 11.576259 | H16: =IF(INDEX(Results_Long!$AG:$AG,$F16)="","NA",INDEX(Results_Long!$AG:$AG,$F16)) -> 0.7684
A17: own_x0.5 · power_delta_0.07 | B17: H1 | C17: own_x0.5 | D17: defined | E17: power_delta_0.07 | F17: =SUMPRODUCT((Results_Long!$A$2:$A$1348=$B17)*(Results_Long!$B$2:$B$1348=$C17)*(Results_Long!$C$2:$C$1348=$D17)*(Results_Long!$D$2:$D$1348=$E17)*ROW(Results_Long!$A$2:$A$1348)) -> 9 | G17: =IF(INDEX(Results_Long!$N:$N,$F17)="","NA",INDEX(Results_Long!$N:$N,$F17)) -> 11.576259 | H17: =IF(INDEX(Results_Long!$AG:$AG,$F17)="","NA",INDEX(Results_Long!$AG:$AG,$F17)) -> 0.8868
A18: own_x0.5 · power_delta_0.08 | B18: H1 | C18: own_x0.5 | D18: defined | E18: power_delta_0.08 | F18: =SUMPRODUCT((Results_Long!$A$2:$A$1348=$B18)*(Results_Long!$B$2:$B$1348=$C18)*(Results_Long!$C$2:$C$1348=$D18)*(Results_Long!$D$2:$D$1348=$E18)*ROW(Results_Long!$A$2:$A$1348)) -> 10 | G18: =IF(INDEX(Results_Long!$N:$N,$F18)="","NA",INDEX(Results_Long!$N:$N,$F18)) -> 11.576259 | H18: =IF(INDEX(Results_Long!$AG:$AG,$F18)="","NA",INDEX(Results_Long!$AG:$AG,$F18)) -> 0.9526
A19: own_x0.5 · mde_power80 | B19: H1 | C19: own_x0.5 | D19: defined | E19: mde_power80 | F19: =SUMPRODUCT((Results_Long!$A$2:$A$1348=$B19)*(Results_Long!$B$2:$B$1348=$C19)*(Results_Long!$C$2:$C$1348=$D19)*(Results_Long!$D$2:$D$1348=$E19)*ROW(Results_Long!$A$2:$A$1348)) -> 11 | G19: =IF(INDEX(Results_Long!$N:$N,$F19)="","NA",INDEX(Results_Long!$N:$N,$F19)) -> 11.576259 | H19: =IF(INDEX(Results_Long!$AG:$AG,$F19)="","NA",INDEX(Results_Long!$AG:$AG,$F19)) -> 0.062668919
A20: own_x0.5 · mde_power90 | B20: H1 | C20: own_x0.5 | D20: defined | E20: mde_power90 | F20: =SUMPRODUCT((Results_Long!$A$2:$A$1348=$B20)*(Results_Long!$B$2:$B$1348=$C20)*(Results_Long!$C$2:$C$1348=$D20)*(Results_Long!$D$2:$D$1348=$E20)*ROW(Results_Long!$A$2:$A$1348)) -> 12 | G20: =IF(INDEX(Results_Long!$N:$N,$F20)="","NA",INDEX(Results_Long!$N:$N,$F20)) -> 11.576259 | H20: =IF(INDEX(Results_Long!$AG:$AG,$F20)="","NA",INDEX(Results_Long!$AG:$AG,$F20)) -> 0.072006079
A21: own_x1.0 · power_delta_0.00 | B21: H1 | C21: own_x1.0 | D21: defined | E21: power_delta_0.00 | F21: =SUMPRODUCT((Results_Long!$A$2:$A$1348=$B21)*(Results_Long!$B$2:$B$1348=$C21)*(Results_Long!$C$2:$C$1348=$D21)*(Results_Long!$D$2:$D$1348=$E21)*ROW(Results_Long!$A$2:$A$1348)) -> 13 | G21: =IF(INDEX(Results_Long!$N:$N,$F21)="","NA",INDEX(Results_Long!$N:$N,$F21)) -> 11.819361 | H21: =IF(INDEX(Results_Long!$AG:$AG,$F21)="","NA",INDEX(Results_Long!$AG:$AG,$F21)) -> 0.0344
... A75: coe_x2.0 · mde_power90 | B75: H1 | C75: coe_x2.0 | D75: defined | E75: mde_power90 | F75: =SUMPRODUCT((Results_Long!$A$2:$A$1348=$B75)*(Results_Long!$B$2:$B$1348=$C75)*(Results_Long!$C$2:$C$1348=$D75)*(Results_Long!$D$2:$D$1348=$E75)*ROW(Results_Long!$A$2:$A$1348)) -> 67 | G75: =IF(INDEX(Results_Long!$N:$N,$F75)="","NA",INDEX(Results_Long!$N:$N,$F75)) -> 10.458402 | H75: =IF(INDEX(Results_Long!$AG:$AG,$F75)="","NA",INDEX(Results_Long!$AG:$AG,$F75)) -> 0.019752817
A77: Interpretation
A78: §6(i) disclosure: MDE80 AND MDE90 are NA in own_x1.0 and own_x2.0 - the smallest detectable contrast lies above the pre-registered delta-grid ceiling of 0.08; the power at the ceiling is tabulated in the power_delta_0.08 rows. The calibration therefore ran rule-conformly at the 0.08 fallback (disclosed in its row note).
A79: Scenario provenance: own streams scale the observed T1/A2 variance components; coe streams map the equity-companion between-study variance as a one-level LOWER BOUND [S4] - the companion caveat (variance factor ~65, MDE factor ~8) applies to any cross-channel reading.
A80: df_Satt is precomputed y-free per stream (df column); the value column carries power (power rows) or the MDE in z units (mde rows).
A82: Question | B82: Answer
A83: Why fixed variance components - is that not prohibited? | B83: Fixed VC are prohibited where the ACTUAL test-statistic distribution must be replicated (H3 permutation, H5); in the MDE context they are semantically correct design inputs [H-Q4] - the question answered is 'what was detectable under the observed design'.
A84: Why is the calibration run at 0.08 and not at the MDE? | B84: The primary-scenario MDE is above the grid ceiling; extrapolating beyond the pinned grid is not licensed, so the calibration anchors at the ceiling fallback and discloses it [H-Q14].
A85: Why does the coe mapping matter? | B85: It bounds the best case: if the debt literature were as homogeneous as the equity companion's study level, contrasts of ~0.01-0.02 z would have been detectable - the observed heterogeneity is the binding constraint, not k.
A87: Verdict: Mechanical outcome: 6-scenario power grid, MDE rows (with rule-conform NA above the ceiling) and 200-replicate calibration tabulated; adjudication deferred to the documented gate-resolution step [DEC-044].

Sheet 7_H3_Spec_Curve
A1: TH-c (simulation & permutation family) · H3 - specification curve: whole-curve statistics + joint permutation
A2: Core = pre-registered 10-cell family [S3]; full curve = 1,260 cells; joint permutation re-derives codings per replicate [H-Q15/R3].
A3: Run finished 2026-07-26 17:39 (canonical) · runtime 44.3 h · verifier R/09_verify_outputs.R 19/19 PASS · chat artefact check 2026-07-26 18/18 PASS · output/TH_c_results.csv 1347x36 · counters fits/fallback/fail: 11,500/92/0 (pass) · 540/3/0 (curve) · 200/2/0 (calibration) · eff_B 500/500/500 · not_estimable cells: 0
A5: Panel row | B5: analysis_id | C5: spec | D5: subset | E5: term | F5: RL row | G5: k_es | H5: k_cl | I5: value | J5: note (verbatim)
A6: observed share p < .05 (core, of 10) | B6: H3 | C6: core_curve | D6: defined | E6: observed_share_sig | F6: =SUMPRODUCT((Results_Long!$A$2:$A$1348=$B6)*(Results_Long!$B$2:$B$1348=$C6)*(Results_Long!$C$2:$C$1348=$D6)*(Results_Long!$D$2:$D$1348=$E6)*ROW(Results_Long!$A$2:$A$1348)) -> 74 | G6: =IF(INDEX(Results_Long!$H:$H,$F6)="","NA",INDEX(Results_Long!$H:$H,$F6)) -> 2705 | H6: =IF(INDEX(Results_Long!$J:$J,$F6)="","NA",INDEX(Results_Long!$J:$J,$F6)) -> 112 | I6: =IF(INDEX(Results_Long!$AG:$AG,$F6)="","NA",INDEX(Results_Long!$AG:$AG,$F6)) -> 0 | J6: =IF(INDEX(Results_Long!$AJ:$AJ,$F6)="","NA",INDEX(Results_Long!$AJ:$AJ,$F6)) -> Simonsohn whole-curve statistic 1: share of the 10 core cells with p < .05 (observed); core = B3 coding family x 3LMA-RVE x rho .6 x dfE x outlier none x full set [S3]; per-cell |t|: paris_mid=0.5620, tie_break_median=0.5525, end_any_exposure=0.9270, share_recut_2017=0.4463, share_recut_2018=0.1404, share_recut_2019=0.1846, end_lag1=0.3087, end_lag2=1.5221, end_lag3=0.9796, clean_window=0.7455
A7: observed median |t| (core) | B7: H3 | C7: core_curve | D7: defined | E7: observed_median_t | F7: =SUMPRODUCT((Results_Long!$A$2:$A$1348=$B7)*(Results_Long!$B$2:$B$1348=$C7)*(Results_Long!$C$2:$C$1348=$D7)*(Results_Long!$D$2:$D$1348=$E7)*ROW(Results_Long!$A$2:$A$1348)) -> 75 | G7: =IF(INDEX(Results_Long!$H:$H,$F7)="","NA",INDEX(Results_Long!$H:$H,$F7)) -> 2705 | H7: =IF(INDEX(Results_Long!$J:$J,$F7)="","NA",INDEX(Results_Long!$J:$J,$F7)) -> 112 | I7: =IF(INDEX(Results_Long!$AG:$AG,$F7)="","NA",INDEX(Results_Long!$AG:$AG,$F7)) -> 0.55723246 | J7: =IF(INDEX(Results_Long!$AJ:$AJ,$F7)="","NA",INDEX(Results_Long!$AJ:$AJ,$F7)) -> Simonsohn whole-curve statistic 2: median |t| over the 10 core cells (observed)
A8: p_perm - share statistic | B8: H3 | C8: core_curve | D8: defined | E8: p_perm_share_sig | F8: =SUMPRODUCT((Results_Long!$A$2:$A$1348=$B8)*(Results_Long!$B$2:$B$1348=$C8)*(Results_Long!$C$2:$C$1348=$D8)*(Results_Long!$D$2:$D$1348=$E8)*ROW(Results_Long!$A$2:$A$1348)) -> 76 | G8: =IF(INDEX(Results_Long!$H:$H,$F8)="","NA",INDEX(Results_Long!$H:$H,$F8)) -> NA | H8: =IF(INDEX(Results_Long!$J:$J,$F8)="","NA",INDEX(Results_Long!$J:$J,$F8)) -> NA | I8: =IF(INDEX(Results_Long!$AG:$AG,$F8)="","NA",INDEX(Results_Long!$AG:$AG,$F8)) -> 1 | J8: =IF(INDEX(Results_Long!$AJ:$AJ,$F8)="","NA",INDEX(Results_Long!$AJ:$AJ,$F8)) -> joint permutation [H-Q15/R3]: ONE cluster time-translation per replicate applied to all 10 core cells (codings re-derived); p = (1 + 500)/(500 + 1)
A9: p_perm - median-|t| statistic | B9: H3 | C9: core_curve | D9: defined | E9: p_perm_median_t | F9: =SUMPRODUCT((Results_Long!$A$2:$A$1348=$B9)*(Results_Long!$B$2:$B$1348=$C9)*(Results_Long!$C$2:$C$1348=$D9)*(Results_Long!$D$2:$D$1348=$E9)*ROW(Results_Long!$A$2:$A$1348)) -> 77 | G9: =IF(INDEX(Results_Long!$H:$H,$F9)="","NA",INDEX(Results_Long!$H:$H,$F9)) -> NA | H9: =IF(INDEX(Results_Long!$J:$J,$F9)="","NA",INDEX(Results_Long!$J:$J,$F9)) -> NA | I9: =IF(INDEX(Results_Long!$AG:$AG,$F9)="","NA",INDEX(Results_Long!$AG:$AG,$F9)) -> 0.85429142 | J9: =IF(INDEX(Results_Long!$AJ:$AJ,$F9)="","NA",INDEX(Results_Long!$AJ:$AJ,$F9)) -> joint permutation, statistic 2; p = (1 + 427)/(500 + 1)
A10: effective replicates | B10: H3 | C10: core_curve | D10: defined | E10: eff_B | F10: =SUMPRODUCT((Results_Long!$A$2:$A$1348=$B10)*(Results_Long!$B$2:$B$1348=$C10)*(Results_Long!$C$2:$C$1348=$D10)*(Results_Long!$D$2:$D$1348=$E10)*ROW(Results_Long!$A$2:$A$1348)) -> 78 | G10: =IF(INDEX(Results_Long!$H:$H,$F10)="","NA",INDEX(Results_Long!$H:$H,$F10)) -> NA | H10: =IF(INDEX(Results_Long!$J:$J,$F10)="","NA",INDEX(Results_Long!$J:$J,$F10)) -> NA | I10: =IF(INDEX(Results_Long!$AG:$AG,$F10)="","NA",INDEX(Results_Long!$AG:$AG,$F10)) -> 500 | J10: =IF(INDEX(Results_Long!$AJ:$AJ,$F10)="","NA",INDEX(Results_Long!$AJ:$AJ,$F10)) -> effective replicates of 500; mean estimable core cells per replicate = 10.00
A12: Full-curve descriptives (formula-derived from Results_Long; single formula source)
A13: Quantity | B13: Restriction | C13: Value (formula)
A14: n multiverse cells (diff rows) | B14: analysis H3, term diff | C14: =COUNTIFS(Results_Long!$A:$A,"H3",Results_Long!$D:$D,"diff") -> 1260
A15: n cells with p < .05 | B15: same | C15: =COUNTIFS(Results_Long!$A:$A,"H3",Results_Long!$D:$D,"diff",Results_Long!$O:$O,"<0.05") -> 1
A16: share p < .05 (full curve) | B16: same | C16: =$C$15/$C$14 -> 0.00079365079
A17: n sig | 3LMA-RVE_CR2 | B17: estimator restriction | C17: =COUNTIFS(Results_Long!$A:$A,"H3",Results_Long!$D:$D,"diff",Results_Long!$F:$F,"3LMA-RVE_CR2",Results_Long!$O:$O,"<0.05") -> 1
A18: n sig | one_per_cluster | B18: estimator restriction | C18: =COUNTIFS(Results_Long!$A:$A,"H3",Results_Long!$D:$D,"diff",Results_Long!$F:$F,"one_per_cluster",Results_Long!$O:$O,"<0.05") -> 0
A19: n sig | UWLS3 | B19: estimator restriction | C19: =COUNTIFS(Results_Long!$A:$A,"H3",Results_Long!$D:$D,"diff",Results_Long!$F:$F,"UWLS3",Results_Long!$O:$O,"<0.05") -> 0
A20: min diff_z over full curve | B20: all 1,260 cells | C20: =_xlfn.MINIFS(Results_Long!$K:$K,Results_Long!$A:$A,"H3",Results_Long!$D:$D,"diff") -> -0.077030271
A21: max diff_z over full curve | B21: all 1,260 cells | C21: =_xlfn.MAXIFS(Results_Long!$K:$K,Results_Long!$A:$A,"H3",Results_Long!$D:$D,"diff") -> 0.04050162
A22: min p over full curve | B22: all 1,260 cells | C22: =_xlfn.MINIFS(Results_Long!$O:$O,Results_Long!$A:$A,"H3",Results_Long!$D:$D,"diff") -> 0.048903456
A24: Interpretation
A25: The per-cell core |t| listing is carried verbatim in the observed_share_sig row note.
A26: Inference lives on the core family via the joint permutation; the full-curve descriptives display robustness breadth without multiplicity claims.
A27: The full curve contains exactly one cell below .05 (locatable via the estimator-restricted counts and the min-p row) - a descriptive observation against ~63 cells expected under a global null at alpha = .05 (5% of 1,260).
A28: p_perm(share) at its boundary value means no replicate reached a share as small as/equal to the observed one under the null translation - a mechanical statement.
A30: Question | B30: Answer
A31: Why permute time-translations instead of cluster labels? | B31: The estimand is a TIME moderation; translating cluster windows preserves the within-cluster dependence structure while breaking the calendar alignment - the label-permutation variant would destroy the wrong structure [H-Q15/H-Q20 supersession of Annex-H N7].
A32: Why re-derive the codings per replicate? | B32: All 10 codings are deterministic functions of the (translated) windows; holding them fixed would leak observed-design information into the null [R3].
A34: Verdict: Mechanical outcome: whole-curve statistics and joint-permutation p-values tabulated; full-curve descriptives formula-derived above; adjudication deferred to the documented gate-resolution step [DEC-044].

Sheet 8_H3_Core_Family
A1: TH-c (simulation & permutation family) · H3 - core cell family (10 codings; 3LMA-RVE CR2, rho .6, dfE, outlier none, full set)
A2: Family frozen verbatim from committed T2 output [D1 amendment]; diff rows z-only.
A3: Run finished 2026-07-26 17:39 (canonical) · runtime 44.3 h · verifier R/09_verify_outputs.R 19/19 PASS · chat artefact check 2026-07-26 18/18 PASS · output/TH_c_results.csv 1347x36 · counters fits/fallback/fail: 11,500/92/0 (pass) · 540/3/0 (curve) · 200/2/0 (calibration) · eff_B 500/500/500 · not_estimable cells: 0
A5: Panel row | B5: analysis_id | C5: spec | D5: subset | E5: term | F5: RL row | G5: k_es | H5: k_st | I5: k_cl | J5: est_z | K5: ci_lb_z | L5: ci_ub_z | M5: est_r | N5: ci_lb_r | O5: ci_ub_r | P5: se_z | Q5: t | R5: df | S5: p | T5: value
A6: core: paris_mid | B6: H3 | C6: paris_mid|none|full|dfE | D6: 3LMA-RVE_CR2|r0.6 | E6: diff | F6: =SUMPRODUCT((Results_Long!$A$2:$A$1348=$B6)*(Results_Long!$B$2:$B$1348=$C6)*(Results_Long!$C$2:$C$1348=$D6)*(Results_Long!$D$2:$D$1348=$E6)*ROW(Results_Long!$A$2:$A$1348)) -> 439 | G6: =IF(INDEX(Results_Long!$H:$H,$F6)="","NA",INDEX(Results_Long!$H:$H,$F6)) -> 2705 | H6: =IF(INDEX(Results_Long!$I:$I,$F6)="","NA",INDEX(Results_Long!$I:$I,$F6)) -> 113 | I6: =IF(INDEX(Results_Long!$J:$J,$F6)="","NA",INDEX(Results_Long!$J:$J,$F6)) -> 112 | J6: =IF(INDEX(Results_Long!$K:$K,$F6)="","NA",INDEX(Results_Long!$K:$K,$F6)) -> 0.010175907 | K6: =IF(INDEX(Results_Long!$P:$P,$F6)="","NA",INDEX(Results_Long!$P:$P,$F6)) -> NA | L6: =IF(INDEX(Results_Long!$Q:$Q,$F6)="","NA",INDEX(Results_Long!$Q:$Q,$F6)) -> NA | M6: =IF(INDEX(Results_Long!$T:$T,$F6)="","NA",INDEX(Results_Long!$T:$T,$F6)) -> NA | N6: =IF(INDEX(Results_Long!$U:$U,$F6)="","NA",INDEX(Results_Long!$U:$U,$F6)) -> NA | O6: =IF(INDEX(Results_Long!$V:$V,$F6)="","NA",INDEX(Results_Long!$V:$V,$F6)) -> NA | P6: =IF(INDEX(Results_Long!$L:$L,$F6)="","NA",INDEX(Results_Long!$L:$L,$F6)) -> 0.018107282 | Q6: =IF(INDEX(Results_Long!$M:$M,$F6)="","NA",INDEX(Results_Long!$M:$M,$F6)) -> 0.56197868 | R6: =IF(INDEX(Results_Long!$N:$N,$F6)="","NA",INDEX(Results_Long!$N:$N,$F6)) -> 14.992066 | S6: =IF(INDEX(Results_Long!$O:$O,$F6)="","NA",INDEX(Results_Long!$O:$O,$F6)) -> 0.58243573 | T6: =IF(INDEX(Results_Long!$AG:$AG,$F6)="","NA",INDEX(Results_Long!$AG:$AG,$F6)) -> NA
A7: core: tie_break_median | B7: H3 | C7: tie_break_median|none|full|dfE | D7: 3LMA-RVE_CR2|r0.6 | E7: diff | F7: =SUMPRODUCT((Results_Long!$A$2:$A$1348=$B7)*(Results_Long!$B$2:$B$1348=$C7)*(Results_Long!$C$2:$C$1348=$D7)*(Results_Long!$D$2:$D$1348=$E7)*ROW(Results_Long!$A$2:$A$1348)) -> 440 | G7: =IF(INDEX(Results_Long!$H:$H,$F7)="","NA",INDEX(Results_Long!$H:$H,$F7)) -> 2705 | H7: =IF(INDEX(Results_Long!$I:$I,$F7)="","NA",INDEX(Results_Long!$I:$I,$F7)) -> 113 | I7: =IF(INDEX(Results_Long!$J:$J,$F7)="","NA",INDEX(Results_Long!$J:$J,$F7)) -> 112 | J7: =IF(INDEX(Results_Long!$K:$K,$F7)="","NA",INDEX(Results_Long!$K:$K,$F7)) -> 0.0098055409 | K7: =IF(INDEX(Results_Long!$P:$P,$F7)="","NA",INDEX(Results_Long!$P:$P,$F7)) -> NA | L7: =IF(INDEX(Results_Long!$Q:$Q,$F7)="","NA",INDEX(Results_Long!$Q:$Q,$F7)) -> NA | M7: =IF(INDEX(Results_Long!$T:$T,$F7)="","NA",INDEX(Results_Long!$T:$T,$F7)) -> NA | N7: =IF(INDEX(Results_Long!$U:$U,$F7)="","NA",INDEX(Results_Long!$U:$U,$F7)) -> NA | O7: =IF(INDEX(Results_Long!$V:$V,$F7)="","NA",INDEX(Results_Long!$V:$V,$F7)) -> NA | P7: =IF(INDEX(Results_Long!$L:$L,$F7)="","NA",INDEX(Results_Long!$L:$L,$F7)) -> 0.017748027 | Q7: =IF(INDEX(Results_Long!$M:$M,$F7)="","NA",INDEX(Results_Long!$M:$M,$F7)) -> 0.55248624 | R7: =IF(INDEX(Results_Long!$N:$N,$F7)="","NA",INDEX(Results_Long!$N:$N,$F7)) -> 12.26371 | S7: =IF(INDEX(Results_Long!$O:$O,$F7)="","NA",INDEX(Results_Long!$O:$O,$F7)) -> 0.59054305 | T7: =IF(INDEX(Results_Long!$AG:$AG,$F7)="","NA",INDEX(Results_Long!$AG:$AG,$F7)) -> NA
A8: core: end_any_exposure | B8: H3 | C8: end_any_exposure|none|full|dfE | D8: 3LMA-RVE_CR2|r0.6 | E8: diff | F8: =SUMPRODUCT((Results_Long!$A$2:$A$1348=$B8)*(Results_Long!$B$2:$B$1348=$C8)*(Results_Long!$C$2:$C$1348=$D8)*(Results_Long!$D$2:$D$1348=$E8)*ROW(Results_Long!$A$2:$A$1348)) -> 441 | G8: =IF(INDEX(Results_Long!$H:$H,$F8)="","NA",INDEX(Results_Long!$H:$H,$F8)) -> 2705 | H8: =IF(INDEX(Results_Long!$I:$I,$F8)="","NA",INDEX(Results_Long!$I:$I,$F8)) -> 113 | I8: =IF(INDEX(Results_Long!$J:$J,$F8)="","NA",INDEX(Results_Long!$J:$J,$F8)) -> 112 | J8: =IF(INDEX(Results_Long!$K:$K,$F8)="","NA",INDEX(Results_Long!$K:$K,$F8)) -> -0.019403455 | K8: =IF(INDEX(Results_Long!$P:$P,$F8)="","NA",INDEX(Results_Long!$P:$P,$F8)) -> NA | L8: =IF(INDEX(Results_Long!$Q:$Q,$F8)="","NA",INDEX(Results_Long!$Q:$Q,$F8)) -> NA | M8: =IF(INDEX(Results_Long!$T:$T,$F8)="","NA",INDEX(Results_Long!$T:$T,$F8)) -> NA | N8: =IF(INDEX(Results_Long!$U:$U,$F8)="","NA",INDEX(Results_Long!$U:$U,$F8)) -> NA | O8: =IF(INDEX(Results_Long!$V:$V,$F8)="","NA",INDEX(Results_Long!$V:$V,$F8)) -> NA | P8: =IF(INDEX(Results_Long!$L:$L,$F8)="","NA",INDEX(Results_Long!$L:$L,$F8)) -> 0.020931751 | Q8: =IF(INDEX(Results_Long!$M:$M,$F8)="","NA",INDEX(Results_Long!$M:$M,$F8)) -> -0.92698674 | R8: =IF(INDEX(Results_Long!$N:$N,$F8)="","NA",INDEX(Results_Long!$N:$N,$F8)) -> 41.60291 | S8: =IF(INDEX(Results_Long!$O:$O,$F8)="","NA",INDEX(Results_Long!$O:$O,$F8)) -> 0.35928021 | T8: =IF(INDEX(Results_Long!$AG:$AG,$F8)="","NA",INDEX(Results_Long!$AG:$AG,$F8)) -> NA
A9: core: share_recut_2017 | B9: H3 | C9: share_recut_2017|none|full|dfE | D9: 3LMA-RVE_CR2|r0.6 | E9: diff | F9: =SUMPRODUCT((Results_Long!$A$2:$A$1348=$B9)*(Results_Long!$B$2:$B$1348=$C9)*(Results_Long!$C$2:$C$1348=$D9)*(Results_Long!$D$2:$D$1348=$E9)*ROW(Results_Long!$A$2:$A$1348)) -> 442 | G9: =IF(INDEX(Results_Long!$H:$H,$F9)="","NA",INDEX(Results_Long!$H:$H,$F9)) -> 2705 | H9: =IF(INDEX(Results_Long!$I:$I,$F9)="","NA",INDEX(Results_Long!$I:$I,$F9)) -> 113 | I9: =IF(INDEX(Results_Long!$J:$J,$F9)="","NA",INDEX(Results_Long!$J:$J,$F9)) -> 112 | J9: =IF(INDEX(Results_Long!$K:$K,$F9)="","NA",INDEX(Results_Long!$K:$K,$F9)) -> 0.0080340694 | K9: =IF(INDEX(Results_Long!$P:$P,$F9)="","NA",INDEX(Results_Long!$P:$P,$F9)) -> NA | L9: =IF(INDEX(Results_Long!$Q:$Q,$F9)="","NA",INDEX(Results_Long!$Q:$Q,$F9)) -> NA | M9: =IF(INDEX(Results_Long!$T:$T,$F9)="","NA",INDEX(Results_Long!$T:$T,$F9)) -> NA | N9: =IF(INDEX(Results_Long!$U:$U,$F9)="","NA",INDEX(Results_Long!$U:$U,$F9)) -> NA | O9: =IF(INDEX(Results_Long!$V:$V,$F9)="","NA",INDEX(Results_Long!$V:$V,$F9)) -> NA | P9: =IF(INDEX(Results_Long!$L:$L,$F9)="","NA",INDEX(Results_Long!$L:$L,$F9)) -> 0.018000133 | Q9: =IF(INDEX(Results_Long!$M:$M,$F9)="","NA",INDEX(Results_Long!$M:$M,$F9)) -> 0.4463339 | R9: =IF(INDEX(Results_Long!$N:$N,$F9)="","NA",INDEX(Results_Long!$N:$N,$F9)) -> 10.852183 | S9: =IF(INDEX(Results_Long!$O:$O,$F9)="","NA",INDEX(Results_Long!$O:$O,$F9)) -> 0.6641308 | T9: =IF(INDEX(Results_Long!$AG:$AG,$F9)="","NA",INDEX(Results_Long!$AG:$AG,$F9)) -> NA
A10: core: share_recut_2018 | B10: H3 | C10: share_recut_2018|none|full|dfE | D10: 3LMA-RVE_CR2|r0.6 | E10: diff | F10: =SUMPRODUCT((Results_Long!$A$2:$A$1348=$B10)*(Results_Long!$B$2:$B$1348=$C10)*(Results_Long!$C$2:$C$1348=$D10)*(Results_Long!$D$2:$D$1348=$E10)*ROW(Results_Long!$A$2:$A$1348)) -> 443 | G10: =IF(INDEX(Results_Long!$H:$H,$F10)="","NA",INDEX(Results_Long!$H:$H,$F10)) -> 2705 | H10: =IF(INDEX(Results_Long!$I:$I,$F10)="","NA",INDEX(Results_Long!$I:$I,$F10)) -> 113 | I10: =IF(INDEX(Results_Long!$J:$J,$F10)="","NA",INDEX(Results_Long!$J:$J,$F10)) -> 112 | J10: =IF(INDEX(Results_Long!$K:$K,$F10)="","NA",INDEX(Results_Long!$K:$K,$F10)) -> 0.0031230426 | K10: =IF(INDEX(Results_Long!$P:$P,$F10)="","NA",INDEX(Results_Long!$P:$P,$F10)) -> NA | L10: =IF(INDEX(Results_Long!$Q:$Q,$F10)="","NA",INDEX(Results_Long!$Q:$Q,$F10)) -> NA | M10: =IF(INDEX(Results_Long!$T:$T,$F10)="","NA",INDEX(Results_Long!$T:$T,$F10)) -> NA | N10: =IF(INDEX(Results_Long!$U:$U,$F10)="","NA",INDEX(Results_Long!$U:$U,$F10)) -> NA | O10: =IF(INDEX(Results_Long!$V:$V,$F10)="","NA",INDEX(Results_Long!$V:$V,$F10)) -> NA | P10: =IF(INDEX(Results_Long!$L:$L,$F10)="","NA",INDEX(Results_Long!$L:$L,$F10)) -> 0.022238266 | Q10: =IF(INDEX(Results_Long!$M:$M,$F10)="","NA",INDEX(Results_Long!$M:$M,$F10)) -> 0.14043553 | R10: =IF(INDEX(Results_Long!$N:$N,$F10)="","NA",INDEX(Results_Long!$N:$N,$F10)) -> 18.776144 | S10: =IF(INDEX(Results_Long!$O:$O,$F10)="","NA",INDEX(Results_Long!$O:$O,$F10)) -> 0.88981151 | T10: =IF(INDEX(Results_Long!$AG:$AG,$F10)="","NA",INDEX(Results_Long!$AG:$AG,$F10)) -> NA
A11: core: share_recut_2019 | B11: H3 | C11: share_recut_2019|none|full|dfE | D11: 3LMA-RVE_CR2|r0.6 | E11: diff | F11: =SUMPRODUCT((Results_Long!$A$2:$A$1348=$B11)*(Results_Long!$B$2:$B$1348=$C11)*(Results_Long!$C$2:$C$1348=$D11)*(Results_Long!$D$2:$D$1348=$E11)*ROW(Results_Long!$A$2:$A$1348)) -> 444 | G11: =IF(INDEX(Results_Long!$H:$H,$F11)="","NA",INDEX(Results_Long!$H:$H,$F11)) -> 2705 | H11: =IF(INDEX(Results_Long!$I:$I,$F11)="","NA",INDEX(Results_Long!$I:$I,$F11)) -> 113 | I11: =IF(INDEX(Results_Long!$J:$J,$F11)="","NA",INDEX(Results_Long!$J:$J,$F11)) -> 112 | J11: =IF(INDEX(Results_Long!$K:$K,$F11)="","NA",INDEX(Results_Long!$K:$K,$F11)) -> 0.0042056666 | K11: =IF(INDEX(Results_Long!$P:$P,$F11)="","NA",INDEX(Results_Long!$P:$P,$F11)) -> NA | L11: =IF(INDEX(Results_Long!$Q:$Q,$F11)="","NA",INDEX(Results_Long!$Q:$Q,$F11)) -> NA | M11: =IF(INDEX(Results_Long!$T:$T,$F11)="","NA",INDEX(Results_Long!$T:$T,$F11)) -> NA | N11: =IF(INDEX(Results_Long!$U:$U,$F11)="","NA",INDEX(Results_Long!$U:$U,$F11)) -> NA | O11: =IF(INDEX(Results_Long!$V:$V,$F11)="","NA",INDEX(Results_Long!$V:$V,$F11)) -> NA | P11: =IF(INDEX(Results_Long!$L:$L,$F11)="","NA",INDEX(Results_Long!$L:$L,$F11)) -> 0.022784454 | Q11: =IF(INDEX(Results_Long!$M:$M,$F11)="","NA",INDEX(Results_Long!$M:$M,$F11)) -> 0.18458491 | R11: =IF(INDEX(Results_Long!$N:$N,$F11)="","NA",INDEX(Results_Long!$N:$N,$F11)) -> 15.443904 | S11: =IF(INDEX(Results_Long!$O:$O,$F11)="","NA",INDEX(Results_Long!$O:$O,$F11)) -> 0.85595667 | T11: =IF(INDEX(Results_Long!$AG:$AG,$F11)="","NA",INDEX(Results_Long!$AG:$AG,$F11)) -> NA
A12: core: end_lag1 | B12: H3 | C12: end_lag1|none|full|dfE | D12: 3LMA-RVE_CR2|r0.6 | E12: diff | F12: =SUMPRODUCT((Results_Long!$A$2:$A$1348=$B12)*(Results_Long!$B$2:$B$1348=$C12)*(Results_Long!$C$2:$C$1348=$D12)*(Results_Long!$D$2:$D$1348=$E12)*ROW(Results_Long!$A$2:$A$1348)) -> 445 | G12: =IF(INDEX(Results_Long!$H:$H,$F12)="","NA",INDEX(Results_Long!$H:$H,$F12)) -> 2705 | H12: =IF(INDEX(Results_Long!$I:$I,$F12)="","NA",INDEX(Results_Long!$I:$I,$F12)) -> 113 | I12: =IF(INDEX(Results_Long!$J:$J,$F12)="","NA",INDEX(Results_Long!$J:$J,$F12)) -> 112 | J12: =IF(INDEX(Results_Long!$K:$K,$F12)="","NA",INDEX(Results_Long!$K:$K,$F12)) -> -0.0063644567 | K12: =IF(INDEX(Results_Long!$P:$P,$F12)="","NA",INDEX(Results_Long!$P:$P,$F12)) -> NA | L12: =IF(INDEX(Results_Long!$Q:$Q,$F12)="","NA",INDEX(Results_Long!$Q:$Q,$F12)) -> NA | M12: =IF(INDEX(Results_Long!$T:$T,$F12)="","NA",INDEX(Results_Long!$T:$T,$F12)) -> NA | N12: =IF(INDEX(Results_Long!$U:$U,$F12)="","NA",INDEX(Results_Long!$U:$U,$F12)) -> NA | O12: =IF(INDEX(Results_Long!$V:$V,$F12)="","NA",INDEX(Results_Long!$V:$V,$F12)) -> NA | P12: =IF(INDEX(Results_Long!$L:$L,$F12)="","NA",INDEX(Results_Long!$L:$L,$F12)) -> 0.020619187 | Q12: =IF(INDEX(Results_Long!$M:$M,$F12)="","NA",INDEX(Results_Long!$M:$M,$F12)) -> -0.30866672 | R12: =IF(INDEX(Results_Long!$N:$N,$F12)="","NA",INDEX(Results_Long!$N:$N,$F12)) -> 17.755888 | S12: =IF(INDEX(Results_Long!$O:$O,$F12)="","NA",INDEX(Results_Long!$O:$O,$F12)) -> 0.76116727 | T12: =IF(INDEX(Results_Long!$AG:$AG,$F12)="","NA",INDEX(Results_Long!$AG:$AG,$F12)) -> NA
A13: core: end_lag2 | B13: H3 | C13: end_lag2|none|full|dfE | D13: 3LMA-RVE_CR2|r0.6 | E13: diff | F13: =SUMPRODUCT((Results_Long!$A$2:$A$1348=$B13)*(Results_Long!$B$2:$B$1348=$C13)*(Results_Long!$C$2:$C$1348=$D13)*(Results_Long!$D$2:$D$1348=$E13)*ROW(Results_Long!$A$2:$A$1348)) -> 446 | G13: =IF(INDEX(Results_Long!$H:$H,$F13)="","NA",INDEX(Results_Long!$H:$H,$F13)) -> 2705 | H13: =IF(INDEX(Results_Long!$I:$I,$F13)="","NA",INDEX(Results_Long!$I:$I,$F13)) -> 113 | I13: =IF(INDEX(Results_Long!$J:$J,$F13)="","NA",INDEX(Results_Long!$J:$J,$F13)) -> 112 | J13: =IF(INDEX(Results_Long!$K:$K,$F13)="","NA",INDEX(Results_Long!$K:$K,$F13)) -> 0.039789555 | K13: =IF(INDEX(Results_Long!$P:$P,$F13)="","NA",INDEX(Results_Long!$P:$P,$F13)) -> NA | L13: =IF(INDEX(Results_Long!$Q:$Q,$F13)="","NA",INDEX(Results_Long!$Q:$Q,$F13)) -> NA | M13: =IF(INDEX(Results_Long!$T:$T,$F13)="","NA",INDEX(Results_Long!$T:$T,$F13)) -> NA | N13: =IF(INDEX(Results_Long!$U:$U,$F13)="","NA",INDEX(Results_Long!$U:$U,$F13)) -> NA | O13: =IF(INDEX(Results_Long!$V:$V,$F13)="","NA",INDEX(Results_Long!$V:$V,$F13)) -> NA | P13: =IF(INDEX(Results_Long!$L:$L,$F13)="","NA",INDEX(Results_Long!$L:$L,$F13)) -> 0.026140798 | Q13: =IF(INDEX(Results_Long!$M:$M,$F13)="","NA",INDEX(Results_Long!$M:$M,$F13)) -> 1.5221248 | R13: =IF(INDEX(Results_Long!$N:$N,$F13)="","NA",INDEX(Results_Long!$N:$N,$F13)) -> 22.01083 | S13: =IF(INDEX(Results_Long!$O:$O,$F13)="","NA",INDEX(Results_Long!$O:$O,$F13)) -> 0.14221586 | T13: =IF(INDEX(Results_Long!$AG:$AG,$F13)="","NA",INDEX(Results_Long!$AG:$AG,$F13)) -> NA
A14: core: end_lag3 | B14: H3 | C14: end_lag3|none|full|dfE | D14: 3LMA-RVE_CR2|r0.6 | E14: diff | F14: =SUMPRODUCT((Results_Long!$A$2:$A$1348=$B14)*(Results_Long!$B$2:$B$1348=$C14)*(Results_Long!$C$2:$C$1348=$D14)*(Results_Long!$D$2:$D$1348=$E14)*ROW(Results_Long!$A$2:$A$1348)) -> 447 | G14: =IF(INDEX(Results_Long!$H:$H,$F14)="","NA",INDEX(Results_Long!$H:$H,$F14)) -> 2705 | H14: =IF(INDEX(Results_Long!$I:$I,$F14)="","NA",INDEX(Results_Long!$I:$I,$F14)) -> 113 | I14: =IF(INDEX(Results_Long!$J:$J,$F14)="","NA",INDEX(Results_Long!$J:$J,$F14)) -> 112 | J14: =IF(INDEX(Results_Long!$K:$K,$F14)="","NA",INDEX(Results_Long!$K:$K,$F14)) -> 0.021318892 | K14: =IF(INDEX(Results_Long!$P:$P,$F14)="","NA",INDEX(Results_Long!$P:$P,$F14)) -> NA | L14: =IF(INDEX(Results_Long!$Q:$Q,$F14)="","NA",INDEX(Results_Long!$Q:$Q,$F14)) -> NA | M14: =IF(INDEX(Results_Long!$T:$T,$F14)="","NA",INDEX(Results_Long!$T:$T,$F14)) -> NA | N14: =IF(INDEX(Results_Long!$U:$U,$F14)="","NA",INDEX(Results_Long!$U:$U,$F14)) -> NA | O14: =IF(INDEX(Results_Long!$V:$V,$F14)="","NA",INDEX(Results_Long!$V:$V,$F14)) -> NA | P14: =IF(INDEX(Results_Long!$L:$L,$F14)="","NA",INDEX(Results_Long!$L:$L,$F14)) -> 0.021762882 | Q14: =IF(INDEX(Results_Long!$M:$M,$F14)="","NA",INDEX(Results_Long!$M:$M,$F14)) -> 0.97959873 | R14: =IF(INDEX(Results_Long!$N:$N,$F14)="","NA",INDEX(Results_Long!$N:$N,$F14)) -> 22.304972 | S14: =IF(INDEX(Results_Long!$O:$O,$F14)="","NA",INDEX(Results_Long!$O:$O,$F14)) -> 0.33779064 | T14: =IF(INDEX(Results_Long!$AG:$AG,$F14)="","NA",INDEX(Results_Long!$AG:$AG,$F14)) -> NA
A15: core: clean_window | B15: H3 | C15: clean_window|none|full|dfE | D15: 3LMA-RVE_CR2|r0.6 | E15: diff | F15: =SUMPRODUCT((Results_Long!$A$2:$A$1348=$B15)*(Results_Long!$B$2:$B$1348=$C15)*(Results_Long!$C$2:$C$1348=$D15)*(Results_Long!$D$2:$D$1348=$E15)*ROW(Results_Long!$A$2:$A$1348)) -> 448 | G15: =IF(INDEX(Results_Long!$H:$H,$F15)="","NA",INDEX(Results_Long!$H:$H,$F15)) -> 929 | H15: =IF(INDEX(Results_Long!$I:$I,$F15)="","NA",INDEX(Results_Long!$I:$I,$F15)) -> 40 | I15: =IF(INDEX(Results_Long!$J:$J,$F15)="","NA",INDEX(Results_Long!$J:$J,$F15)) -> 40 | J15: =IF(INDEX(Results_Long!$K:$K,$F15)="","NA",INDEX(Results_Long!$K:$K,$F15)) -> -0.012921 | K15: =IF(INDEX(Results_Long!$P:$P,$F15)="","NA",INDEX(Results_Long!$P:$P,$F15)) -> NA | L15: =IF(INDEX(Results_Long!$Q:$Q,$F15)="","NA",INDEX(Results_Long!$Q:$Q,$F15)) -> NA | M15: =IF(INDEX(Results_Long!$T:$T,$F15)="","NA",INDEX(Results_Long!$T:$T,$F15)) -> NA | N15: =IF(INDEX(Results_Long!$U:$U,$F15)="","NA",INDEX(Results_Long!$U:$U,$F15)) -> NA | O15: =IF(INDEX(Results_Long!$V:$V,$F15)="","NA",INDEX(Results_Long!$V:$V,$F15)) -> NA | P15: =IF(INDEX(Results_Long!$L:$L,$F15)="","NA",INDEX(Results_Long!$L:$L,$F15)) -> 0.017331989 | Q15: =IF(INDEX(Results_Long!$M:$M,$F15)="","NA",INDEX(Results_Long!$M:$M,$F15)) -> -0.74550013 | R15: =IF(INDEX(Results_Long!$N:$N,$F15)="","NA",INDEX(Results_Long!$N:$N,$F15)) -> 23.474483 | S15: =IF(INDEX(Results_Long!$O:$O,$F15)="","NA",INDEX(Results_Long!$O:$O,$F15)) -> 0.46336937 | T15: =IF(INDEX(Results_Long!$AG:$AG,$F15)="","NA",INDEX(Results_Long!$AG:$AG,$F15)) -> NA
A17: Panel row | B17: analysis_id | C17: spec | D17: subset | E17: term | F17: RL row | G17: df_Satt | H17: value | I17: note (verbatim)
A18: core cell keys (design) | B18: TH_design | C18: design | D18: defined | E18: core_cells | F18: =SUMPRODUCT((Results_Long!$A$2:$A$1348=$B18)*(Results_Long!$B$2:$B$1348=$C18)*(Results_Long!$C$2:$C$1348=$D18)*(Results_Long!$D$2:$D$1348=$E18)*ROW(Results_Long!$A$2:$A$1348)) -> 1348 | G18: =IF(INDEX(Results_Long!$N:$N,$F18)="","NA",INDEX(Results_Long!$N:$N,$F18)) -> NA | H18: =IF(INDEX(Results_Long!$AG:$AG,$F18)="","NA",INDEX(Results_Long!$AG:$AG,$F18)) -> 10 | I18: =IF(INDEX(Results_Long!$AJ:$AJ,$F18)="","NA",INDEX(Results_Long!$AJ:$AJ,$F18)) -> core cell keys: paris_mid|none|full|dfE; tie_break_median|none|full|dfE; end_any_exposure|none|full|dfE; share_recut_2017|none|full|dfE; share_recut_2018|none|full|dfE; share_recut_2019|none|full|dfE; end_lag1|none|full|dfE; end_lag2|none|full|dfE; end_lag3|none|full|dfE; clean_window|none|full|dfE
A20: Interpretation
A21: clean_window is the pre-registered subset coding (929 ES / 40 clusters) - its smaller base is a design feature, not attrition.
A22: The end_lag2 cell carries the largest absolute contrast of the family; its p-value is tabulated in the panel (no verdict language attached).
A23: These 10 cells are exactly the ms_input core rows; the joint permutation over the family lives on Tab '7_H3_Spec_Curve'.
A25: Question | B25: Answer
A26: Why 10 codings rather than the 6 of Annex H? | B26: Author ruling H-Q3 superseded Annex H: the factor space follows the committed T2/B3 coding family (10 codings, extracted verbatim from output/T2_results.csv before any H estimate existed) [DEC-045 D1 amendment].
A27: Why is dfE/none/full the core cell? | B27: It mirrors the pre-registered headline spine (D31.1); outlier treatments, ES-set and df-base variations are robustness axes, not co-equal estimands [S3].
A29: Verdict: Mechanical outcome: 10 core contrasts tabulated with CR2/Satterthwaite columns; adjudication deferred to the documented gate-resolution step [DEC-044].

Sheet 9_H4_Perm_Sup
A1: TH-c (simulation & permutation family) · H4 - permutation reference for the sup-break statistic
A2: Identical permutation list as H5 [H-Q16]; admissible year set fixed at the observed design [H-Q20]; observed sup single-homed in the TH-a workbook Tab 7.
A3: Run finished 2026-07-26 17:39 (canonical) · runtime 44.3 h · verifier R/09_verify_outputs.R 19/19 PASS · chat artefact check 2026-07-26 18/18 PASS · output/TH_c_results.csv 1347x36 · counters fits/fallback/fail: 11,500/92/0 (pass) · 540/3/0 (curve) · 200/2/0 (calibration) · eff_B 500/500/500 · not_estimable cells: 0
A5: Panel row | B5: analysis_id | C5: spec | D5: subset | E5: term | F5: RL row | G5: k_es | H5: k_cl | I5: value | J5: note (verbatim)
A6: p_perm (sup |t|) | B6: H4 | C6: perm_sup | D6: defined | E6: p_perm | F6: =SUMPRODUCT((Results_Long!$A$2:$A$1348=$B6)*(Results_Long!$B$2:$B$1348=$C6)*(Results_Long!$C$2:$C$1348=$D6)*(Results_Long!$D$2:$D$1348=$E6)*ROW(Results_Long!$A$2:$A$1348)) -> 72 | G6: =IF(INDEX(Results_Long!$H:$H,$F6)="","NA",INDEX(Results_Long!$H:$H,$F6)) -> 2705 | H6: =IF(INDEX(Results_Long!$J:$J,$F6)="","NA",INDEX(Results_Long!$J:$J,$F6)) -> 112 | I6: =IF(INDEX(Results_Long!$AG:$AG,$F6)="","NA",INDEX(Results_Long!$AG:$AG,$F6)) -> 0.34131737 | J6: =IF(INDEX(Results_Long!$AJ:$AJ,$F6)="","NA",INDEX(Results_Long!$AJ:$AJ,$F6)) -> time-translation permutation, identical list as H5 [H-Q16/H-Q20]: p = (1 + 170) / (500 + 1); observed sup |t| = 2.122533 (from TH_a_results.csv observed_sup); admissible years fixed at the observed design: 2008, 2009, 2010, 2011, 2012, 2013, 2014, 2015, 2016, 2017, 2018, 2019; exceed count = 170 of 500 effective
A7: effective replicates | B7: H4 | C7: perm_sup | D7: defined | E7: eff_B | F7: =SUMPRODUCT((Results_Long!$A$2:$A$1348=$B7)*(Results_Long!$B$2:$B$1348=$C7)*(Results_Long!$C$2:$C$1348=$D7)*(Results_Long!$D$2:$D$1348=$E7)*ROW(Results_Long!$A$2:$A$1348)) -> 73 | G7: =IF(INDEX(Results_Long!$H:$H,$F7)="","NA",INDEX(Results_Long!$H:$H,$F7)) -> NA | H7: =IF(INDEX(Results_Long!$J:$J,$F7)="","NA",INDEX(Results_Long!$J:$J,$F7)) -> NA | I7: =IF(INDEX(Results_Long!$AG:$AG,$F7)="","NA",INDEX(Results_Long!$AG:$AG,$F7)) -> 500 | J7: =IF(INDEX(Results_Long!$AJ:$AJ,$F7)="","NA",INDEX(Results_Long!$AJ:$AJ,$F7)) -> effective replicates (finite sup statistic) of 500
A9: Panel row | B9: analysis_id | C9: spec | D9: subset | E9: term | F9: RL row | G9: df_Satt | H9: value | I9: note (verbatim)
A10: admissible-set echo (design) | B10: TH_design | C10: design | D10: defined | E10: h4_admissible_echo | F10: =SUMPRODUCT((Results_Long!$A$2:$A$1348=$B10)*(Results_Long!$B$2:$B$1348=$C10)*(Results_Long!$C$2:$C$1348=$D10)*(Results_Long!$D$2:$D$1348=$E10)*ROW(Results_Long!$A$2:$A$1348)) -> 1344 | G10: =IF(INDEX(Results_Long!$N:$N,$F10)="","NA",INDEX(Results_Long!$N:$N,$F10)) -> NA | H10: =IF(INDEX(Results_Long!$AG:$AG,$F10)="","NA",INDEX(Results_Long!$AG:$AG,$F10)) -> 12 | I10: =IF(INDEX(Results_Long!$AJ:$AJ,$F10)="","NA",INDEX(Results_Long!$AJ:$AJ,$F10)) -> read from TH_a_results.csv design row and membership-verified: 2008, 2009, 2010, 2011, 2012, 2013, 2014, 2015, 2016, 2017, 2018, 2019; recomputation identity via the observed permutation-pass machinery
A12: Interpretation
A13: The observed statistic (sup |t| = value in TH_a_results.csv, tabulated in the TH-a workbook Tab '7_H4_Break_Grid') is carried verbatim in the p_perm row note here; this tab reports the reference distribution only (single-home rule).
A14: Each replicate recomputes the full 12-year grid on translated windows and takes its supremum - the multiplicity of the year search is thus inside the null distribution.
A16: Question | B16: Answer
A17: Why B = 500 rather than the Annex-H 2,000? | B17: DEC-045 S5 (benchmark-derived): B = 500 with eff_B enforcement (fail share <= 1%) bounds the minimum attainable p at ~0.002 - sufficient for the pre-registered alpha ladder at a quarter of the runtime.
A19: Verdict: Mechanical outcome: sup-statistic permutation p and effective replicates tabulated; observed sup single-homed in TH-a; adjudication deferred to the documented gate-resolution step [DEC-044].

Sheet 10_H5_Perm_Race
A1: TH-c (simulation & permutation family) · H5 - permutation inference for the trend-vs-break race statistic
A2: Time-translation permutation [H-Q20]; observed |t_race| anchored via F65 gates; point estimate and p_CR2 single-homed in T8 [4a].
A3: Run finished 2026-07-26 17:39 (canonical) · runtime 44.3 h · verifier R/09_verify_outputs.R 19/19 PASS · chat artefact check 2026-07-26 18/18 PASS · output/TH_c_results.csv 1347x36 · counters fits/fallback/fail: 11,500/92/0 (pass) · 540/3/0 (curve) · 200/2/0 (calibration) · eff_B 500/500/500 · not_estimable cells: 0
A5: Panel row | B5: analysis_id | C5: spec | D5: subset | E5: term | F5: RL row | G5: k_es | H5: k_cl | I5: value | J5: note (verbatim)
A6: p_perm (race |t|) | B6: H5 | C6: perm_race | D6: defined | E6: p_perm | F6: =SUMPRODUCT((Results_Long!$A$2:$A$1348=$B6)*(Results_Long!$B$2:$B$1348=$C6)*(Results_Long!$C$2:$C$1348=$D6)*(Results_Long!$D$2:$D$1348=$E6)*ROW(Results_Long!$A$2:$A$1348)) -> 70 | G6: =IF(INDEX(Results_Long!$H:$H,$F6)="","NA",INDEX(Results_Long!$H:$H,$F6)) -> 2705 | H6: =IF(INDEX(Results_Long!$J:$J,$F6)="","NA",INDEX(Results_Long!$J:$J,$F6)) -> 112 | I6: =IF(INDEX(Results_Long!$AG:$AG,$F6)="","NA",INDEX(Results_Long!$AG:$AG,$F6)) -> 0.4011976 | J6: =IF(INDEX(Results_Long!$AJ:$AJ,$F6)="","NA",INDEX(Results_Long!$AJ:$AJ,$F6)) -> time-translation permutation [H-Q20]: p = (1 + 200) / (500 + 1); observed |t_race| = 1.052421 (pp_mid coefficient of the T8 race model; point estimate/p_CR2 live in T8 — single-home [4a]); B = 500, exceed count = 200 of 500 effective
A7: effective replicates | B7: H5 | C7: perm_race | D7: defined | E7: eff_B | F7: =SUMPRODUCT((Results_Long!$A$2:$A$1348=$B7)*(Results_Long!$B$2:$B$1348=$C7)*(Results_Long!$C$2:$C$1348=$D7)*(Results_Long!$D$2:$D$1348=$E7)*ROW(Results_Long!$A$2:$A$1348)) -> 71 | G7: =IF(INDEX(Results_Long!$H:$H,$F7)="","NA",INDEX(Results_Long!$H:$H,$F7)) -> NA | H7: =IF(INDEX(Results_Long!$J:$J,$F7)="","NA",INDEX(Results_Long!$J:$J,$F7)) -> NA | I7: =IF(INDEX(Results_Long!$AG:$AG,$F7)="","NA",INDEX(Results_Long!$AG:$AG,$F7)) -> 500 | J7: =IF(INDEX(Results_Long!$AJ:$AJ,$F7)="","NA",INDEX(Results_Long!$AJ:$AJ,$F7)) -> effective replicates (finite race statistic) of 500; failed replicates dropped from the denominator, share <= 0.01 enforced
A9: Panel row | B9: analysis_id | C9: spec | D9: subset | E9: term | F9: RL row | G9: df_Satt | H9: value | I9: note (verbatim)
A10: T8 race anchor (design) | B10: TH_design | C10: design | D10: defined | E10: t8_race_anchor | F10: =SUMPRODUCT((Results_Long!$A$2:$A$1348=$B10)*(Results_Long!$B$2:$B$1348=$C10)*(Results_Long!$C$2:$C$1348=$D10)*(Results_Long!$D$2:$D$1348=$E10)*ROW(Results_Long!$A$2:$A$1348)) -> 1343 | G10: =IF(INDEX(Results_Long!$N:$N,$F10)="","NA",INDEX(Results_Long!$N:$N,$F10)) -> NA | H10: =IF(INDEX(Results_Long!$AG:$AG,$F10)="","NA",INDEX(Results_Long!$AG:$AG,$F10)) -> NA | I10: =IF(INDEX(Results_Long!$AJ:$AJ,$F10)="","NA",INDEX(Results_Long!$AJ:$AJ,$F10)) -> F65 gates PASSED: committed T8 B4/race/pp_mid_lag0 matched embedded constants at 1e-9; observed refit identity at 1e-6; |t_race_obs| = 1.052421
A12: Interpretation
A13: The race point estimate and its CR2 p-value have ONE reporting home (T8 workbook) [single-home rule 4a]; this tab adds only the permutation reference; the observed |t_race| is carried verbatim in the row notes.
A14: Fixed variance components are prohibited here: each replicate refits the full REML race model so the null distribution replicates the actual test statistic [project pin].
A16: Question | B16: Answer
A17: Why does H5 permute rather than bootstrap? | B17: The estimand is exchangeability of calendar alignment under the null of no time structure; the cluster time-translation design targets exactly that, keeping within-cluster dependence intact [H-Q20].
A19: Verdict: Mechanical outcome: race-statistic permutation p and effective replicates tabulated; point estimate single-homed in T8; adjudication deferred to the documented gate-resolution step [DEC-044].

Sheet Results_Long
A1: analysis_id | B1: spec | C1: subset | D1: term | E1: metric | F1: estimator | G1: rho | H1: k_es | I1: k_study | J1: k_cluster | K1: est_z | L1: se_z | M1: t_stat | N1: df | O1: p | P1: ci_lb_z | Q1: ci_ub_z | R1: pi_lb_z | S1: pi_ub_z | T1: est_r | U1: ci_lb_r | V1: ci_ub_r | W1: pi_lb_r | X1: pi_ub_r | Y1: sigma2_cluster | Z1: sigma2_study | AA1: sigma2_esid | AB1: pct_cluster | AC1: pct_study | AD1: pct_esid | AE1: pct_sampling | AF1: typical_v | AG1: value | AH1: ms_input | AI1: ms_label | AJ1: note
A2: H1 | B2: own_x0.5 | C2: defined | D2: power_delta_0.00 | E2: count | F2: 3LMA-RVE_CR2 | G2: 0.6 | H2: 2705 | J2: 112 | N2: 11.576259 | AG2: 0.032 | AH2: FALSE | AJ2: H1 scenario own_x0.5: fixed VC (cluster/study/esid) = 0.00987277/5.10461e-10/0.00594159 (= T1/A2 components x 0.5); design X = [1, pp_mid] on 2,705/112; CR2/Satterthwaite two-sided alpha=.05, df precomputed y-free; delta enters as noncentral shift of one B=5000 stream [DEC-045/H-Q14/R1]
A3: H1 | B3: own_x0.5 | C3: defined | D3: power_delta_0.01 | E3: count | F3: 3LMA-RVE_CR2 | G3: 0.6 | H3: 2705 | J3: 112 | N3: 11.576259 | AG3: 0.052 | AH3: FALSE | AJ3: H1 scenario own_x0.5: fixed VC (cluster/study/esid) = 0.00987277/5.10461e-10/0.00594159 (= T1/A2 components x 0.5); design X = [1, pp_mid] on 2,705/112; CR2/Satterthwaite two-sided alpha=.05, df precomputed y-free; delta enters as noncentral shift of one B=5000 stream [DEC-045/H-Q14/R1]
A4: H1 | B4: own_x0.5 | C4: defined | D4: power_delta_0.02 | E4: count | F4: 3LMA-RVE_CR2 | G4: 0.6 | H4: 2705 | J4: 112 | N4: 11.576259 | AG4: 0.1142 | AH4: FALSE | AJ4: H1 scenario own_x0.5: fixed VC (cluster/study/esid) = 0.00987277/5.10461e-10/0.00594159 (= T1/A2 components x 0.5); design X = [1, pp_mid] on 2,705/112; CR2/Satterthwaite two-sided alpha=.05, df precomputed y-free; delta enters as noncentral shift of one B=5000 stream [DEC-045/H-Q14/R1]
A5: H1 | B5: own_x0.5 | C5: defined | D5: power_delta_0.03 | E5: count | F5: 3LMA-RVE_CR2 | G5: 0.6 | H5: 2705 | J5: 112 | N5: 11.576259 | AG5: 0.238 | AH5: FALSE | AJ5: H1 scenario own_x0.5: fixed VC (cluster/study/esid) = 0.00987277/5.10461e-10/0.00594159 (= T1/A2 components x 0.5); design X = [1, pp_mid] on 2,705/112; CR2/Satterthwaite two-sided alpha=.05, df precomputed y-free; delta enters as noncentral shift of one B=5000 stream [DEC-045/H-Q14/R1]
A6: H1 | B6: own_x0.5 | C6: defined | D6: power_delta_0.04 | E6: count | F6: 3LMA-RVE_CR2 | G6: 0.6 | H6: 2705 | J6: 112 | N6: 11.576259 | AG6: 0.4132 | AH6: FALSE | AJ6: H1 scenario own_x0.5: fixed VC (cluster/study/esid) = 0.00987277/5.10461e-10/0.00594159 (= T1/A2 components x 0.5); design X = [1, pp_mid] on 2,705/112; CR2/Satterthwaite two-sided alpha=.05, df precomputed y-free; delta enters as noncentral shift of one B=5000 stream [DEC-045/H-Q14/R1]
A7: H1 | B7: own_x0.5 | C7: defined | D7: power_delta_0.05 | E7: count | F7: 3LMA-RVE_CR2 | G7: 0.6 | H7: 2705 | J7: 112 | N7: 11.576259 | AG7: 0.6004 | AH7: FALSE | AJ7: H1 scenario own_x0.5: fixed VC (cluster/study/esid) = 0.00987277/5.10461e-10/0.00594159 (= T1/A2 components x 0.5); design X = [1, pp_mid] on 2,705/112; CR2/Satterthwaite two-sided alpha=.05, df precomputed y-free; delta enters as noncentral shift of one B=5000 stream [DEC-045/H-Q14/R1]
A8: H1 | B8: own_x0.5 | C8: defined | D8: power_delta_0.06 | E8: count | F8: 3LMA-RVE_CR2 | G8: 0.6 | H8: 2705 | J8: 112 | N8: 11.576259 | AG8: 0.7684 | AH8: FALSE | AJ8: H1 scenario own_x0.5: fixed VC (cluster/study/esid) = 0.00987277/5.10461e-10/0.00594159 (= T1/A2 components x 0.5); design X = [1, pp_mid] on 2,705/112; CR2/Satterthwaite two-sided alpha=.05, df precomputed y-free; delta enters as noncentral shift of one B=5000 stream [DEC-045/H-Q14/R1]
A9: H1 | B9: own_x0.5 | C9: defined | D9: power_delta_0.07 | E9: count | F9: 3LMA-RVE_CR2 | G9: 0.6 | H9: 2705 | J9: 112 | N9: 11.576259 | AG9: 0.8868 | AH9: FALSE | AJ9: H1 scenario own_x0.5: fixed VC (cluster/study/esid) = 0.00987277/5.10461e-10/0.00594159 (= T1/A2 components x 0.5); design X = [1, pp_mid] on 2,705/112; CR2/Satterthwaite two-sided alpha=.05, df precomputed y-free; delta enters as noncentral shift of one B=5000 stream [DEC-045/H-Q14/R1]
A10: H1 | B10: own_x0.5 | C10: defined | D10: power_delta_0.08 | E10: count | F10: 3LMA-RVE_CR2 | G10: 0.6 | H10: 2705 | J10: 112 | N10: 11.576259 | AG10: 0.9526 | AH10: FALSE | AJ10: H1 scenario own_x0.5: fixed VC (cluster/study/esid) = 0.00987277/5.10461e-10/0.00594159 (= T1/A2 components x 0.5); design X = [1, pp_mid] on 2,705/112; CR2/Satterthwaite two-sided alpha=.05, df precomputed y-free; delta enters as noncentral shift of one B=5000 stream [DEC-045/H-Q14/R1]
A11: H1 | B11: own_x0.5 | C11: defined | D11: mde_power80 | E11: Fisher_z | F11: 3LMA-RVE_CR2 | G11: 0.6 | H11: 2705 | J11: 112 | N11: 11.576259 | AG11: 0.062668919 | AH11: FALSE | AJ11: H1 scenario own_x0.5: fixed VC (cluster/study/esid) = 0.00987277/5.10461e-10/0.00594159 (= T1/A2 components x 0.5); design X = [1, pp_mid] on 2,705/112; CR2/Satterthwaite two-sided alpha=.05, df precomputed y-free; delta enters as noncentral shift of one B=5000 stream [DEC-045/H-Q14/R1]; MDE = smallest delta with power >= .80, linear interpolation on the 9-point grid; NA = above grid ceiling 0.08
A12: H1 | B12: own_x0.5 | C12: defined | D12: mde_power90 | E12: Fisher_z | F12: 3LMA-RVE_CR2 | G12: 0.6 | H12: 2705 | J12: 112 | N12: 11.576259 | AG12: 0.072006079 | AH12: FALSE | AJ12: H1 scenario own_x0.5: fixed VC (cluster/study/esid) = 0.00987277/5.10461e-10/0.00594159 (= T1/A2 components x 0.5); design X = [1, pp_mid] on 2,705/112; CR2/Satterthwaite two-sided alpha=.05, df precomputed y-free; delta enters as noncentral shift of one B=5000 stream [DEC-045/H-Q14/R1]; co-reported 90% criterion
A13: H1 | B13: own_x1.0 | C13: defined | D13: power_delta_0.00 | E13: count | F13: 3LMA-RVE_CR2 | G13: 0.6 | H13: 2705 | J13: 112 | N13: 11.819361 | AG13: 0.0344 | AH13: FALSE | AJ13: H1 scenario own_x1.0: fixed VC (cluster/study/esid) = 0.0197455/1.02092e-09/0.0118832 (= T1/A2 components x 1.0); design X = [1, pp_mid] on 2,705/112; CR2/Satterthwaite two-sided alpha=.05, df precomputed y-free; delta enters as noncentral shift of one B=5000 stream [DEC-045/H-Q14/R1]
... A21: H1 | B21: own_x1.0 | C21: defined | D21: power_delta_0.08 | E21: count | F21: 3LMA-RVE_CR2 | G21: 0.6 | H21: 2705 | J21: 112 | N21: 11.819361 | AG21: 0.7304 | AH21: FALSE | AJ21: H1 scenario own_x1.0: fixed VC (cluster/study/esid) = 0.0197455/1.02092e-09/0.0118832 (= T1/A2 components x 1.0); design X = [1, pp_mid] on 2,705/112; CR2/Satterthwaite two-sided alpha=.05, df precomputed y-free; delta enters as noncentral shift of one B=5000 stream [DEC-045/H-Q14/R1]
A22: H1 | B22: own_x1.0 | C22: defined | D22: mde_power80 | E22: Fisher_z | F22: 3LMA-RVE_CR2 | G22: 0.6 | H22: 2705 | J22: 112 | N22: 11.819361 | AH22: TRUE | AI22: h1_mde_primary | AJ22: H1 scenario own_x1.0: fixed VC (cluster/study/esid) = 0.0197455/1.02092e-09/0.0118832 (= T1/A2 components x 1.0); design X = [1, pp_mid] on 2,705/112; CR2/Satterthwaite two-sided alpha=.05, df precomputed y-free; delta enters as noncentral shift of one B=5000 stream [DEC-045/H-Q14/R1]; MDE = smallest delta with power >= .80, linear interpolation on the 9-point grid; NA = above grid ceiling 0.08
A23: H1 | B23: own_x1.0 | C23: defined | D23: mde_power90 | E23: Fisher_z | F23: 3LMA-RVE_CR2 | G23: 0.6 | H23: 2705 | J23: 112 | N23: 11.819361 | AH23: FALSE | AJ23: H1 scenario own_x1.0: fixed VC (cluster/study/esid) = 0.0197455/1.02092e-09/0.0118832 (= T1/A2 components x 1.0); design X = [1, pp_mid] on 2,705/112; CR2/Satterthwaite two-sided alpha=.05, df precomputed y-free; delta enters as noncentral shift of one B=5000 stream [DEC-045/H-Q14/R1]; co-reported 90% criterion
A24: H1 | B24: own_x2.0 | C24: defined | D24: power_delta_0.00 | E24: count | F24: 3LMA-RVE_CR2 | G24: 0.6 | H24: 2705 | J24: 112 | N24: 11.975628 | AG24: 0.0364 | AH24: FALSE | AJ24: H1 scenario own_x2.0: fixed VC (cluster/study/esid) = 0.0394911/2.04184e-09/0.0237664 (= T1/A2 components x 2.0); design X = [1, pp_mid] on 2,705/112; CR2/Satterthwaite two-sided alpha=.05, df precomputed y-free; delta enters as noncentral shift of one B=5000 stream [DEC-045/H-Q14/R1]
A25: H1 | B25: own_x2.0 | C25: defined | D25: power_delta_0.01 | E25: count | F25: 3LMA-RVE_CR2 | G25: 0.6 | H25: 2705 | J25: 112 | N25: 11.975628 | AG25: 0.0426 | AH25: FALSE | AJ25: H1 scenario own_x2.0: fixed VC (cluster/study/esid) = 0.0394911/2.04184e-09/0.0237664 (= T1/A2 components x 2.0); design X = [1, pp_mid] on 2,705/112; CR2/Satterthwaite two-sided alpha=.05, df precomputed y-free; delta enters as noncentral shift of one B=5000 stream [DEC-045/H-Q14/R1]
A26: H1 | B26: own_x2.0 | C26: defined | D26: power_delta_0.02 | E26: count | F26: 3LMA-RVE_CR2 | G26: 0.6 | H26: 2705 | J26: 112 | N26: 11.975628 | AG26: 0.0638 | AH26: FALSE | AJ26: H1 scenario own_x2.0: fixed VC (cluster/study/esid) = 0.0394911/2.04184e-09/0.0237664 (= T1/A2 components x 2.0); design X = [1, pp_mid] on 2,705/112; CR2/Satterthwaite two-sided alpha=.05, df precomputed y-free; delta enters as noncentral shift of one B=5000 stream [DEC-045/H-Q14/R1]
A27: H1 | B27: own_x2.0 | C27: defined | D27: power_delta_0.03 | E27: count | F27: 3LMA-RVE_CR2 | G27: 0.6 | H27: 2705 | J27: 112 | N27: 11.975628 | AG27: 0.0936 | AH27: FALSE | AJ27: H1 scenario own_x2.0: fixed VC (cluster/study/esid) = 0.0394911/2.04184e-09/0.0237664 (= T1/A2 components x 2.0); design X = [1, pp_mid] on 2,705/112; CR2/Satterthwaite two-sided alpha=.05, df precomputed y-free; delta enters as noncentral shift of one B=5000 stream [DEC-045/H-Q14/R1]
A28: H1 | B28: own_x2.0 | C28: defined | D28: power_delta_0.04 | E28: count | F28: 3LMA-RVE_CR2 | G28: 0.6 | H28: 2705 | J28: 112 | N28: 11.975628 | AG28: 0.1446 | AH28: FALSE | AJ28: H1 scenario own_x2.0: fixed VC (cluster/study/esid) = 0.0394911/2.04184e-09/0.0237664 (= T1/A2 components x 2.0); design X = [1, pp_mid] on 2,705/112; CR2/Satterthwaite two-sided alpha=.05, df precomputed y-free; delta enters as noncentral shift of one B=5000 stream [DEC-045/H-Q14/R1]
A29: H1 | B29: own_x2.0 | C29: defined | D29: power_delta_0.05 | E29: count | F29: 3LMA-RVE_CR2 | G29: 0.6 | H29: 2705 | J29: 112 | N29: 11.975628 | AG29: 0.2014 | AH29: FALSE | AJ29: H1 scenario own_x2.0: fixed VC (cluster/study/esid) = 0.0394911/2.04184e-09/0.0237664 (= T1/A2 components x 2.0); design X = [1, pp_mid] on 2,705/112; CR2/Satterthwaite two-sided alpha=.05, df precomputed y-free; delta enters as noncentral shift of one B=5000 stream [DEC-045/H-Q14/R1]
A30: H1 | B30: own_x2.0 | C30: defined | D30: power_delta_0.06 | E30: count | F30: 3LMA-RVE_CR2 | G30: 0.6 | H30: 2705 | J30: 112 | N30: 11.975628 | AG30: 0.278 | AH30: FALSE | AJ30: H1 scenario own_x2.0: fixed VC (cluster/study/esid) = 0.0394911/2.04184e-09/0.0237664 (= T1/A2 components x 2.0); design X = [1, pp_mid] on 2,705/112; CR2/Satterthwaite two-sided alpha=.05, df precomputed y-free; delta enters as noncentral shift of one B=5000 stream [DEC-045/H-Q14/R1]
A31: H1 | B31: own_x2.0 | C31: defined | D31: power_delta_0.07 | E31: count | F31: 3LMA-RVE_CR2 | G31: 0.6 | H31: 2705 | J31: 112 | N31: 11.975628 | AG31: 0.358 | AH31: FALSE | AJ31: H1 scenario own_x2.0: fixed VC (cluster/study/esid) = 0.0394911/2.04184e-09/0.0237664 (= T1/A2 components x 2.0); design X = [1, pp_mid] on 2,705/112; CR2/Satterthwaite two-sided alpha=.05, df precomputed y-free; delta enters as noncentral shift of one B=5000 stream [DEC-045/H-Q14/R1]
A32: H1 | B32: own_x2.0 | C32: defined | D32: power_delta_0.08 | E32: count | F32: 3LMA-RVE_CR2 | G32: 0.6 | H32: 2705 | J32: 112 | N32: 11.975628 | AG32: 0.4476 | AH32: FALSE | AJ32: H1 scenario own_x2.0: fixed VC (cluster/study/esid) = 0.0394911/2.04184e-09/0.0237664 (= T1/A2 components x 2.0); design X = [1, pp_mid] on 2,705/112; CR2/Satterthwaite two-sided alpha=.05, df precomputed y-free; delta enters as noncentral shift of one B=5000 stream [DEC-045/H-Q14/R1]
A33: H1 | B33: own_x2.0 | C33: defined | D33: mde_power80 | E33: Fisher_z | F33: 3LMA-RVE_CR2 | G33: 0.6 | H33: 2705 | J33: 112 | N33: 11.975628 | AH33: FALSE | AJ33: H1 scenario own_x2.0: fixed VC (cluster/study/esid) = 0.0394911/2.04184e-09/0.0237664 (= T1/A2 components x 2.0); design X = [1, pp_mid] on 2,705/112; CR2/Satterthwaite two-sided alpha=.05, df precomputed y-free; delta enters as noncentral shift of one B=5000 stream [DEC-045/H-Q14/R1]; MDE = smallest delta with power >= .80, linear interpolation on the 9-point grid; NA = above grid ceiling 0.08
A34: H1 | B34: own_x2.0 | C34: defined | D34: mde_power90 | E34: Fisher_z | F34: 3LMA-RVE_CR2 | G34: 0.6 | H34: 2705 | J34: 112 | N34: 11.975628 | AH34: FALSE | AJ34: H1 scenario own_x2.0: fixed VC (cluster/study/esid) = 0.0394911/2.04184e-09/0.0237664 (= T1/A2 components x 2.0); design X = [1, pp_mid] on 2,705/112; CR2/Satterthwaite two-sided alpha=.05, df precomputed y-free; delta enters as noncentral shift of one B=5000 stream [DEC-045/H-Q14/R1]; co-reported 90% criterion
A35: H1 | B35: coe_x0.5 | C35: defined | D35: power_delta_0.00 | E35: count | F35: 3LMA-RVE_CR2 | G35: 0.6 | H35: 2705 | J35: 112 | N35: 12.748855 | AG35: 0.039 | AH35: FALSE | AJ35: H1 scenario coe_x0.5: fixed VC (cluster/study/esid) = 0.00013994/7.23543e-12/8.4218e-05 (one-level lower bound: tau2_COE = (0.083/3.92)^2 x 0.5, allocated by T1/A2 proportions [S4]); design X = [1, pp_mid] on 2,705/112; CR2/Satterthwaite two-sided alpha=.05, df precomputed y-free; delta enters as noncentral shift of one B=5000 stream [DEC-045/H-Q14/R1]
A36: H1 | B36: coe_x0.5 | C36: defined | D36: power_delta_0.01 | E36: count | F36: 3LMA-RVE_CR2 | G36: 0.6 | H36: 2705 | J36: 112 | N36: 12.748855 | AG36: 0.8244 | AH36: FALSE | AJ36: H1 scenario coe_x0.5: fixed VC (cluster/study/esid) = 0.00013994/7.23543e-12/8.4218e-05 (one-level lower bound: tau2_COE = (0.083/3.92)^2 x 0.5, allocated by T1/A2 proportions [S4]); design X = [1, pp_mid] on 2,705/112; CR2/Satterthwaite two-sided alpha=.05, df precomputed y-free; delta enters as noncentral shift of one B=5000 stream [DEC-045/H-Q14/R1]
A37: H1 | B37: coe_x0.5 | C37: defined | D37: power_delta_0.02 | E37: count | F37: 3LMA-RVE_CR2 | G37: 0.6 | H37: 2705 | J37: 112 | N37: 12.748855 | AG37: 1 | AH37: FALSE | AJ37: H1 scenario coe_x0.5: fixed VC (cluster/study/esid) = 0.00013994/7.23543e-12/8.4218e-05 (one-level lower bound: tau2_COE = (0.083/3.92)^2 x 0.5, allocated by T1/A2 proportions [S4]); design X = [1, pp_mid] on 2,705/112; CR2/Satterthwaite two-sided alpha=.05, df precomputed y-free; delta enters as noncentral shift of one B=5000 stream [DEC-045/H-Q14/R1]
A38: H1 | B38: coe_x0.5 | C38: defined | D38: power_delta_0.03 | E38: count | F38: 3LMA-RVE_CR2 | G38: 0.6 | H38: 2705 | J38: 112 | N38: 12.748855 | AG38: 1 | AH38: FALSE | AJ38: H1 scenario coe_x0.5: fixed VC (cluster/study/esid) = 0.00013994/7.23543e-12/8.4218e-05 (one-level lower bound: tau2_COE = (0.083/3.92)^2 x 0.5, allocated by T1/A2 proportions [S4]); design X = [1, pp_mid] on 2,705/112; CR2/Satterthwaite two-sided alpha=.05, df precomputed y-free; delta enters as noncentral shift of one B=5000 stream [DEC-045/H-Q14/R1]
A39: H1 | B39: coe_x0.5 | C39: defined | D39: power_delta_0.04 | E39: count | F39: 3LMA-RVE_CR2 | G39: 0.6 | H39: 2705 | J39: 112 | N39: 12.748855 | AG39: 1 | AH39: FALSE | AJ39: H1 scenario coe_x0.5: fixed VC (cluster/study/esid) = 0.00013994/7.23543e-12/8.4218e-05 (one-level lower bound: tau2_COE = (0.083/3.92)^2 x 0.5, allocated by T1/A2 proportions [S4]); design X = [1, pp_mid] on 2,705/112; CR2/Satterthwaite two-sided alpha=.05, df precomputed y-free; delta enters as noncentral shift of one B=5000 stream [DEC-045/H-Q14/R1]
A40: H1 | B40: coe_x0.5 | C40: defined | D40: power_delta_0.05 | E40: count | F40: 3LMA-RVE_CR2 | G40: 0.6 | H40: 2705 | J40: 112 | N40: 12.748855 | AG40: 1 | AH40: FALSE | AJ40: H1 scenario coe_x0.5: fixed VC (cluster/study/esid) = 0.00013994/7.23543e-12/8.4218e-05 (one-level lower bound: tau2_COE = (0.083/3.92)^2 x 0.5, allocated by T1/A2 proportions [S4]); design X = [1, pp_mid] on 2,705/112; CR2/Satterthwaite two-sided alpha=.05, df precomputed y-free; delta enters as noncentral shift of one B=5000 stream [DEC-045/H-Q14/R1]
A41: H1 | B41: coe_x0.5 | C41: defined | D41: power_delta_0.06 | E41: count | F41: 3LMA-RVE_CR2 | G41: 0.6 | H41: 2705 | J41: 112 | N41: 12.748855 | AG41: 1 | AH41: FALSE | AJ41: H1 scenario coe_x0.5: fixed VC (cluster/study/esid) = 0.00013994/7.23543e-12/8.4218e-05 (one-level lower bound: tau2_COE = (0.083/3.92)^2 x 0.5, allocated by T1/A2 proportions [S4]); design X = [1, pp_mid] on 2,705/112; CR2/Satterthwaite two-sided alpha=.05, df precomputed y-free; delta enters as noncentral shift of one B=5000 stream [DEC-045/H-Q14/R1]
A42: H1 | B42: coe_x0.5 | C42: defined | D42: power_delta_0.07 | E42: count | F42: 3LMA-RVE_CR2 | G42: 0.6 | H42: 2705 | J42: 112 | N42: 12.748855 | AG42: 1 | AH42: FALSE | AJ42: H1 scenario coe_x0.5: fixed VC (cluster/study/esid) = 0.00013994/7.23543e-12/8.4218e-05 (one-level lower bound: tau2_COE = (0.083/3.92)^2 x 0.5, allocated by T1/A2 proportions [S4]); design X = [1, pp_mid] on 2,705/112; CR2/Satterthwaite two-sided alpha=.05, df precomputed y-free; delta enters as noncentral shift of one B=5000 stream [DEC-045/H-Q14/R1]
A43: H1 | B43: coe_x0.5 | C43: defined | D43: power_delta_0.08 | E43: count | F43: 3LMA-RVE_CR2 | G43: 0.6 | H43: 2705 | J43: 112 | N43: 12.748855 | AG43: 1 | AH43: FALSE | AJ43: H1 scenario coe_x0.5: fixed VC (cluster/study/esid) = 0.00013994/7.23543e-12/8.4218e-05 (one-level lower bound: tau2_COE = (0.083/3.92)^2 x 0.5, allocated by T1/A2 proportions [S4]); design X = [1, pp_mid] on 2,705/112; CR2/Satterthwaite two-sided alpha=.05, df precomputed y-free; delta enters as noncentral shift of one B=5000 stream [DEC-045/H-Q14/R1]
A44: H1 | B44: coe_x0.5 | C44: defined | D44: mde_power80 | E44: Fisher_z | F44: 3LMA-RVE_CR2 | G44: 0.6 | H44: 2705 | J44: 112 | N44: 12.748855 | AG44: 0.0096893303 | AH44: FALSE | AJ44: H1 scenario coe_x0.5: fixed VC (cluster/study/esid) = 0.00013994/7.23543e-12/8.4218e-05 (one-level lower bound: tau2_COE = (0.083/3.92)^2 x 0.5, allocated by T1/A2 proportions [S4]); design X = [1, pp_mid] on 2,705/112; CR2/Satterthwaite two-sided alpha=.05, df precomputed y-free; delta enters as noncentral shift of one B=5000 stream [DEC-045/H-Q14/R1]; MDE = smallest delta with power >= .80, linear interpolation on the 9-point grid; NA = above grid ceiling 0.08
A45: H1 | B45: coe_x0.5 | C45: defined | D45: mde_power90 | E45: Fisher_z | F45: 3LMA-RVE_CR2 | G45: 0.6 | H45: 2705 | J45: 112 | N45: 12.748855 | AG45: 0.014305239 | AH45: FALSE | AJ45: H1 scenario coe_x0.5: fixed VC (cluster/study/esid) = 0.00013994/7.23543e-12/8.4218e-05 (one-level lower bound: tau2_COE = (0.083/3.92)^2 x 0.5, allocated by T1/A2 proportions [S4]); design X = [1, pp_mid] on 2,705/112; CR2/Satterthwaite two-sided alpha=.05, df precomputed y-free; delta enters as noncentral shift of one B=5000 stream [DEC-045/H-Q14/R1]; co-reported 90% criterion
A46: H1 | B46: coe_x1.0 | C46: defined | D46: power_delta_0.00 | E46: count | F46: 3LMA-RVE_CR2 | G46: 0.6 | H46: 2705 | J46: 112 | N46: 11.076164 | AG46: 0.0332 | AH46: FALSE | AJ46: H1 scenario coe_x1.0: fixed VC (cluster/study/esid) = 0.00027988/1.44709e-11/0.000168436 (one-level lower bound: tau2_COE = (0.083/3.92)^2 x 1.0, allocated by T1/A2 proportions [S4]); design X = [1, pp_mid] on 2,705/112; CR2/Satterthwaite two-sided alpha=.05, df precomputed y-free; delta enters as noncentral shift of one B=5000 stream [DEC-045/H-Q14/R1]
... A67: H1 | B67: coe_x2.0 | C67: defined | D67: mde_power90 | E67: Fisher_z | F67: 3LMA-RVE_CR2 | G67: 0.6 | H67: 2705 | J67: 112 | N67: 10.458402 | AG67: 0.019752817 | AH67: FALSE | AJ67: H1 scenario coe_x2.0: fixed VC (cluster/study/esid) = 0.00055976/2.89417e-11/0.000336872 (one-level lower bound: tau2_COE = (0.083/3.92)^2 x 2.0, allocated by T1/A2 proportions [S4]); design X = [1, pp_mid] on 2,705/112; CR2/Satterthwaite two-sided alpha=.05, df precomputed y-free; delta enters as noncentral shift of one B=5000 stream [DEC-045/H-Q14/R1]; co-reported 90% criterion
A68: H1 | B68: calibration | C68: defined | D68: rejection_rate | E68: count | F68: 3LMA-RVE_CR2 | G68: 0.6 | H68: 2705 | J68: 112 | AG68: 0.765 | AH68: FALSE | AJ68: calibration subset [H-Q14]: 200 full REML (ladder) + CR2/Satt refits at delta = 0.080000 (primary scenario; MDE above grid ceiling -> calibrated at 0.08 (disclosed)); optimism = 0.80 - rejection rate (positive = stream optimistic); n effective = 200/200
A69: H1 | B69: calibration | C69: defined | D69: optimism_diff | E69: count | F69: 3LMA-RVE_CR2 | G69: 0.6 | AG69: 0.035 | AH69: FALSE | AJ69: calibration subset [H-Q14]: 200 full REML (ladder) + CR2/Satt refits at delta = 0.080000 (primary scenario; MDE above grid ceiling -> calibrated at 0.08 (disclosed)); optimism = 0.80 - rejection rate (positive = stream optimistic); reported as a design row [DEC-045]
A70: H5 | B70: perm_race | C70: defined | D70: p_perm | E70: count | F70: 3LMA-RVE_CR2 | G70: 0.6 | H70: 2705 | J70: 112 | AG70: 0.4011976 | AH70: TRUE | AI70: h5_p_perm | AJ70: time-translation permutation [H-Q20]: p = (1 + 200) / (500 + 1); observed |t_race| = 1.052421 (pp_mid coefficient of the T8 race model; point estimate/p_CR2 live in T8 — single-home [4a]); B = 500, exceed count = 200 of 500 effective
A71: H5 | B71: perm_race | C71: defined | D71: eff_B | E71: count | F71: 3LMA-RVE_CR2 | G71: 0.6 | AG71: 500 | AH71: FALSE | AJ71: effective replicates (finite race statistic) of 500; failed replicates dropped from the denominator, share <= 0.01 enforced
A72: H4 | B72: perm_sup | C72: defined | D72: p_perm | E72: count | F72: 3LMA-RVE_CR2 | G72: 0.6 | H72: 2705 | J72: 112 | AG72: 0.34131737 | AH72: TRUE | AI72: h4_p_perm | AJ72: time-translation permutation, identical list as H5 [H-Q16/H-Q20]: p = (1 + 170) / (500 + 1); observed sup |t| = 2.122533 (from TH_a_results.csv observed_sup); admissible years fixed at the observed design: 2008, 2009, 2010, 2011, 2012, 2013, 2014, 2015, 2016, 2017, 2018, 2019; exceed count = 170 of 500 effective
A73: H4 | B73: perm_sup | C73: defined | D73: eff_B | E73: count | F73: 3LMA-RVE_CR2 | G73: 0.6 | AG73: 500 | AH73: FALSE | AJ73: effective replicates (finite sup statistic) of 500
A74: H3 | B74: core_curve | C74: defined | D74: observed_share_sig | E74: count | F74: 3LMA-RVE_CR2 | G74: 0.6 | H74: 2705 | J74: 112 | AG74: 0 | AH74: FALSE | AJ74: Simonsohn whole-curve statistic 1: share of the 10 core cells with p < .05 (observed); core = B3 coding family x 3LMA-RVE x rho .6 x dfE x outlier none x full set [S3]; per-cell |t|: paris_mid=0.5620, tie_break_median=0.5525, end_any_exposure=0.9270, share_recut_2017=0.4463, share_recut_2018=0.1404, share_recut_2019=0.1846, end_lag1=0.3087, end_lag2=1.5221, end_lag3=0.9796, clean_window=0.7455
A75: H3 | B75: core_curve | C75: defined | D75: observed_median_t | E75: count | F75: 3LMA-RVE_CR2 | G75: 0.6 | H75: 2705 | J75: 112 | AG75: 0.55723246 | AH75: FALSE | AJ75: Simonsohn whole-curve statistic 2: median |t| over the 10 core cells (observed)
A76: H3 | B76: core_curve | C76: defined | D76: p_perm_share_sig | E76: count | F76: 3LMA-RVE_CR2 | G76: 0.6 | AG76: 1 | AH76: TRUE | AI76: h3_p_perm_share | AJ76: joint permutation [H-Q15/R3]: ONE cluster time-translation per replicate applied to all 10 core cells (codings re-derived); p = (1 + 500)/(500 + 1)
A77: H3 | B77: core_curve | C77: defined | D77: p_perm_median_t | E77: count | F77: 3LMA-RVE_CR2 | G77: 0.6 | AG77: 0.85429142 | AH77: FALSE | AJ77: joint permutation, statistic 2; p = (1 + 427)/(500 + 1)
A78: H3 | B78: core_curve | C78: defined | D78: eff_B | E78: count | F78: 3LMA-RVE_CR2 | G78: 0.6 | AG78: 500 | AH78: FALSE | AJ78: effective replicates of 500; mean estimable core cells per replicate = 10.00
A79: H3 | B79: paris_mid|none|full|dfE | C79: 3LMA-RVE_CR2|r0.4 | D79: diff | E79: Fisher_z | F79: 3LMA-RVE_CR2 | G79: 0.4 | H79: 2705 | I79: 113 | J79: 112 | K79: 0.010352567 | L79: 0.018055941 | M79: 0.5733607 | N79: 14.548891 | O79: 0.57515664 | AH79: FALSE | AJ79: multiverse cell 1/1260: coding=paris_mid, outlier=none, es_set=full, df_basis=dfE, estimator=3LMA-RVE_CR2, rho=0.4 [DEC-045 S2]; descriptive curve cell
A80: H3 | B80: tie_break_median|none|full|dfE | C80: 3LMA-RVE_CR2|r0.4 | D80: diff | E80: Fisher_z | F80: 3LMA-RVE_CR2 | G80: 0.4 | H80: 2705 | I80: 113 | J80: 112 | K80: 0.0099113767 | L80: 0.017712346 | M80: 0.55957447 | N80: 11.925928 | O80: 0.58612587 | AH80: FALSE | AJ80: multiverse cell 2/1260: coding=tie_break_median, outlier=none, es_set=full, df_basis=dfE, estimator=3LMA-RVE_CR2, rho=0.4 [DEC-045 S2]; descriptive curve cell
A81: H3 | B81: end_any_exposure|none|full|dfE | C81: 3LMA-RVE_CR2|r0.4 | D81: diff | E81: Fisher_z | F81: 3LMA-RVE_CR2 | G81: 0.4 | H81: 2705 | I81: 113 | J81: 112 | K81: -0.019464103 | L81: 0.0209394 | M81: -0.92954446 | N81: 41.794308 | O81: 0.35794501 | AH81: FALSE | AJ81: multiverse cell 3/1260: coding=end_any_exposure, outlier=none, es_set=full, df_basis=dfE, estimator=3LMA-RVE_CR2, rho=0.4 [DEC-045 S2]; descriptive curve cell
A82: H3 | B82: share_recut_2017|none|full|dfE | C82: 3LMA-RVE_CR2|r0.4 | D82: diff | E82: Fisher_z | F82: 3LMA-RVE_CR2 | G82: 0.4 | H82: 2705 | I82: 113 | J82: 112 | K82: 0.0080829058 | L82: 0.017984533 | M82: 0.4494365 | N82: 10.562897 | O82: 0.66219863 | AH82: FALSE | AJ82: multiverse cell 4/1260: coding=share_recut_2017, outlier=none, es_set=full, df_basis=dfE, estimator=3LMA-RVE_CR2, rho=0.4 [DEC-045 S2]; descriptive curve cell
A83: H3 | B83: share_recut_2018|none|full|dfE | C83: 3LMA-RVE_CR2|r0.4 | D83: diff | E83: Fisher_z | F83: 3LMA-RVE_CR2 | G83: 0.4 | H83: 2705 | I83: 113 | J83: 112 | K83: 0.0027884252 | L83: 0.022096205 | M83: 0.12619476 | N83: 18.788603 | O83: 0.9009184 | AH83: FALSE | AJ83: multiverse cell 5/1260: coding=share_recut_2018, outlier=none, es_set=full, df_basis=dfE, estimator=3LMA-RVE_CR2, rho=0.4 [DEC-045 S2]; descriptive curve cell
A84: H3 | B84: share_recut_2019|none|full|dfE | C84: 3LMA-RVE_CR2|r0.4 | D84: diff | E84: Fisher_z | F84: 3LMA-RVE_CR2 | G84: 0.4 | H84: 2705 | I84: 113 | J84: 112 | K84: 0.0041833089 | L84: 0.022561735 | M84: 0.1854161 | N84: 15.453956 | O84: 0.85531433 | AH84: FALSE | AJ84: multiverse cell 6/1260: coding=share_recut_2019, outlier=none, es_set=full, df_basis=dfE, estimator=3LMA-RVE_CR2, rho=0.4 [DEC-045 S2]; descriptive curve cell
A85: H3 | B85: end_lag1|none|full|dfE | C85: 3LMA-RVE_CR2|r0.4 | D85: diff | E85: Fisher_z | F85: 3LMA-RVE_CR2 | G85: 0.4 | H85: 2705 | I85: 113 | J85: 112 | K85: -0.0058895677 | L85: 0.020615232 | M85: -0.2856901 | N85: 17.272106 | O85: 0.77851341 | AH85: FALSE | AJ85: multiverse cell 7/1260: coding=end_lag1, outlier=none, es_set=full, df_basis=dfE, estimator=3LMA-RVE_CR2, rho=0.4 [DEC-045 S2]; descriptive curve cell
A86: H3 | B86: end_lag2|none|full|dfE | C86: 3LMA-RVE_CR2|r0.4 | D86: diff | E86: Fisher_z | F86: 3LMA-RVE_CR2 | G86: 0.4 | H86: 2705 | I86: 113 | J86: 112 | K86: 0.040011947 | L86: 0.025977071 | M86: 1.5402794 | N86: 21.351141 | O86: 0.13818296 | AH86: FALSE | AJ86: multiverse cell 8/1260: coding=end_lag2, outlier=none, es_set=full, df_basis=dfE, estimator=3LMA-RVE_CR2, rho=0.4 [DEC-045 S2]; descriptive curve cell
A87: H3 | B87: end_lag3|none|full|dfE | C87: 3LMA-RVE_CR2|r0.4 | D87: diff | E87: Fisher_z | F87: 3LMA-RVE_CR2 | G87: 0.4 | H87: 2705 | I87: 113 | J87: 112 | K87: 0.021576415 | L87: 0.021649284 | M87: 0.99663413 | N87: 21.575909 | O87: 0.32998896 | AH87: FALSE | AJ87: multiverse cell 9/1260: coding=end_lag3, outlier=none, es_set=full, df_basis=dfE, estimator=3LMA-RVE_CR2, rho=0.4 [DEC-045 S2]; descriptive curve cell
A88: H3 | B88: clean_window|none|full|dfE | C88: 3LMA-RVE_CR2|r0.4 | D88: diff | E88: Fisher_z | F88: 3LMA-RVE_CR2 | G88: 0.4 | H88: 929 | I88: 40 | J88: 40 | K88: -0.015121059 | L88: 0.018232502 | M88: -0.82934635 | N88: 24.405709 | O88: 0.4149468 | AH88: FALSE | AJ88: multiverse cell 10/1260: coding=clean_window, outlier=none, es_set=full, df_basis=dfE, estimator=3LMA-RVE_CR2, rho=0.4 [DEC-045 S2]; descriptive curve cell
A89: H3 | B89: paris_mid|rstudent|full|dfE | C89: 3LMA-RVE_CR2|r0.4 | D89: diff | E89: Fisher_z | F89: 3LMA-RVE_CR2 | G89: 0.4 | H89: 2692 | I89: 113 | J89: 112 | K89: -0.013468976 | L89: 0.010764884 | M89: -1.2511957 | N89: 38.278542 | O89: 0.21845626 | AH89: FALSE | AJ89: multiverse cell 11/1260: coding=paris_mid, outlier=rstudent, es_set=full, df_basis=dfE, estimator=3LMA-RVE_CR2, rho=0.4 [DEC-045 S2]; descriptive curve cell
A90: H3 | B90: tie_break_median|rstudent|full|dfE | C90: 3LMA-RVE_CR2|r0.4 | D90: diff | E90: Fisher_z | F90: 3LMA-RVE_CR2 | G90: 0.4 | H90: 2692 | I90: 113 | J90: 112 | K90: -0.012635373 | L90: 0.011411001 | M90: -1.1072975 | N90: 29.333159 | O90: 0.27716318 | AH90: FALSE | AJ90: multiverse cell 12/1260: coding=tie_break_median, outlier=rstudent, es_set=full, df_basis=dfE, estimator=3LMA-RVE_CR2, rho=0.4 [DEC-045 S2]; descriptive curve cell
... A438: H3 | B438: clean_window|winsor|no_starbound|k20 | C438: one_per_cluster|r0.4 | D438: diff | E438: Fisher_z | F438: one_per_cluster | G438: 0.4 | H438: 905 | I438: 38 | J438: 38 | K438: -0.025648709 | L438: 0.026870837 | M438: -0.95451842 | N438: 36 | O438: 0.34618715 | AH438: FALSE | AJ438: multiverse cell 360/1260: coding=clean_window, outlier=winsor, es_set=no_starbound, df_basis=k20, estimator=one_per_cluster, rho=0.4 [DEC-045 S2]; cluster x cell aggregates (D2/H2b convention)
A439: H3 | B439: paris_mid|none|full|dfE | C439: 3LMA-RVE_CR2|r0.6 | D439: diff | E439: Fisher_z | F439: 3LMA-RVE_CR2 | G439: 0.6 | H439: 2705 | I439: 113 | J439: 112 | K439: 0.010175907 | L439: 0.018107282 | M439: 0.56197868 | N439: 14.992066 | O439: 0.58243573 | AH439: TRUE | AI439: h3_core_paris_mid | AJ439: multiverse cell 361/1260: coding=paris_mid, outlier=none, es_set=full, df_basis=dfE, estimator=3LMA-RVE_CR2, rho=0.6 [DEC-045 S2]; descriptive curve cell; CORE cell (inference via joint permutation); verifier identity vs committed T2 diff at 1e-6
A440: H3 | B440: tie_break_median|none|full|dfE | C440: 3LMA-RVE_CR2|r0.6 | D440: diff | E440: Fisher_z | F440: 3LMA-RVE_CR2 | G440: 0.6 | H440: 2705 | I440: 113 | J440: 112 | K440: 0.0098055409 | L440: 0.017748027 | M440: 0.55248624 | N440: 12.26371 | O440: 0.59054305 | AH440: TRUE | AI440: h3_core_tie_break_median | AJ440: multiverse cell 362/1260: coding=tie_break_median, outlier=none, es_set=full, df_basis=dfE, estimator=3LMA-RVE_CR2, rho=0.6 [DEC-045 S2]; descriptive curve cell; CORE cell (inference via joint permutation); verifier identity vs committed T2 diff at 1e-6
A441: H3 | B441: end_any_exposure|none|full|dfE | C441: 3LMA-RVE_CR2|r0.6 | D441: diff | E441: Fisher_z | F441: 3LMA-RVE_CR2 | G441: 0.6 | H441: 2705 | I441: 113 | J441: 112 | K441: -0.019403455 | L441: 0.020931751 | M441: -0.92698674 | N441: 41.60291 | O441: 0.35928021 | AH441: TRUE | AI441: h3_core_end_any_exposure | AJ441: multiverse cell 363/1260: coding=end_any_exposure, outlier=none, es_set=full, df_basis=dfE, estimator=3LMA-RVE_CR2, rho=0.6 [DEC-045 S2]; descriptive curve cell; CORE cell (inference via joint permutation); verifier identity vs committed T2 diff at 1e-6
A442: H3 | B442: share_recut_2017|none|full|dfE | C442: 3LMA-RVE_CR2|r0.6 | D442: diff | E442: Fisher_z | F442: 3LMA-RVE_CR2 | G442: 0.6 | H442: 2705 | I442: 113 | J442: 112 | K442: 0.0080340694 | L442: 0.018000133 | M442: 0.4463339 | N442: 10.852183 | O442: 0.6641308 | AH442: TRUE | AI442: h3_core_share_recut_2017 | AJ442: multiverse cell 364/1260: coding=share_recut_2017, outlier=none, es_set=full, df_basis=dfE, estimator=3LMA-RVE_CR2, rho=0.6 [DEC-045 S2]; descriptive curve cell; CORE cell (inference via joint permutation); verifier identity vs committed T2 diff at 1e-6
A443: H3 | B443: share_recut_2018|none|full|dfE | C443: 3LMA-RVE_CR2|r0.6 | D443: diff | E443: Fisher_z | F443: 3LMA-RVE_CR2 | G443: 0.6 | H443: 2705 | I443: 113 | J443: 112 | K443: 0.0031230426 | L443: 0.022238266 | M443: 0.14043553 | N443: 18.776144 | O443: 0.88981151 | AH443: TRUE | AI443: h3_core_share_recut_2018 | AJ443: multiverse cell 365/1260: coding=share_recut_2018, outlier=none, es_set=full, df_basis=dfE, estimator=3LMA-RVE_CR2, rho=0.6 [DEC-045 S2]; descriptive curve cell; CORE cell (inference via joint permutation); verifier identity vs committed T2 diff at 1e-6
A444: H3 | B444: share_recut_2019|none|full|dfE | C444: 3LMA-RVE_CR2|r0.6 | D444: diff | E444: Fisher_z | F444: 3LMA-RVE_CR2 | G444: 0.6 | H444: 2705 | I444: 113 | J444: 112 | K444: 0.0042056666 | L444: 0.022784454 | M444: 0.18458491 | N444: 15.443904 | O444: 0.85595667 | AH444: TRUE | AI444: h3_core_share_recut_2019 | AJ444: multiverse cell 366/1260: coding=share_recut_2019, outlier=none, es_set=full, df_basis=dfE, estimator=3LMA-RVE_CR2, rho=0.6 [DEC-045 S2]; descriptive curve cell; CORE cell (inference via joint permutation); verifier identity vs committed T2 diff at 1e-6
A445: H3 | B445: end_lag1|none|full|dfE | C445: 3LMA-RVE_CR2|r0.6 | D445: diff | E445: Fisher_z | F445: 3LMA-RVE_CR2 | G445: 0.6 | H445: 2705 | I445: 113 | J445: 112 | K445: -0.0063644567 | L445: 0.020619187 | M445: -0.30866672 | N445: 17.755888 | O445: 0.76116727 | AH445: TRUE | AI445: h3_core_end_lag1 | AJ445: multiverse cell 367/1260: coding=end_lag1, outlier=none, es_set=full, df_basis=dfE, estimator=3LMA-RVE_CR2, rho=0.6 [DEC-045 S2]; descriptive curve cell; CORE cell (inference via joint permutation); verifier identity vs committed T2 diff at 1e-6
A446: H3 | B446: end_lag2|none|full|dfE | C446: 3LMA-RVE_CR2|r0.6 | D446: diff | E446: Fisher_z | F446: 3LMA-RVE_CR2 | G446: 0.6 | H446: 2705 | I446: 113 | J446: 112 | K446: 0.039789555 | L446: 0.026140798 | M446: 1.5221248 | N446: 22.01083 | O446: 0.14221586 | AH446: TRUE | AI446: h3_core_end_lag2 | AJ446: multiverse cell 368/1260: coding=end_lag2, outlier=none, es_set=full, df_basis=dfE, estimator=3LMA-RVE_CR2, rho=0.6 [DEC-045 S2]; descriptive curve cell; CORE cell (inference via joint permutation); verifier identity vs committed T2 diff at 1e-6
A447: H3 | B447: end_lag3|none|full|dfE | C447: 3LMA-RVE_CR2|r0.6 | D447: diff | E447: Fisher_z | F447: 3LMA-RVE_CR2 | G447: 0.6 | H447: 2705 | I447: 113 | J447: 112 | K447: 0.021318892 | L447: 0.021762882 | M447: 0.97959873 | N447: 22.304972 | O447: 0.33779064 | AH447: TRUE | AI447: h3_core_end_lag3 | AJ447: multiverse cell 369/1260: coding=end_lag3, outlier=none, es_set=full, df_basis=dfE, estimator=3LMA-RVE_CR2, rho=0.6 [DEC-045 S2]; descriptive curve cell; CORE cell (inference via joint permutation); verifier identity vs committed T2 diff at 1e-6
A448: H3 | B448: clean_window|none|full|dfE | C448: 3LMA-RVE_CR2|r0.6 | D448: diff | E448: Fisher_z | F448: 3LMA-RVE_CR2 | G448: 0.6 | H448: 929 | I448: 40 | J448: 40 | K448: -0.012921 | L448: 0.017331989 | M448: -0.74550013 | N448: 23.474483 | O448: 0.46336937 | AH448: TRUE | AI448: h3_core_clean_window | AJ448: multiverse cell 370/1260: coding=clean_window, outlier=none, es_set=full, df_basis=dfE, estimator=3LMA-RVE_CR2, rho=0.6 [DEC-045 S2]; descriptive curve cell; CORE cell (inference via joint permutation); verifier identity vs committed T2 diff at 1e-6
A449: H3 | B449: paris_mid|rstudent|full|dfE | C449: 3LMA-RVE_CR2|r0.6 | D449: diff | E449: Fisher_z | F449: 3LMA-RVE_CR2 | G449: 0.6 | H449: 2692 | I449: 113 | J449: 112 | K449: -0.013577323 | L449: 0.010551217 | M449: -1.2868017 | N449: 39.863554 | O449: 0.20558599 | AH449: FALSE | AJ449: multiverse cell 371/1260: coding=paris_mid, outlier=rstudent, es_set=full, df_basis=dfE, estimator=3LMA-RVE_CR2, rho=0.6 [DEC-045 S2]; descriptive curve cell
A450: H3 | B450: tie_break_median|rstudent|full|dfE | C450: 3LMA-RVE_CR2|r0.6 | D450: diff | E450: Fisher_z | F450: 3LMA-RVE_CR2 | G450: 0.6 | H450: 2692 | I450: 113 | J450: 112 | K450: -0.012537873 | L450: 0.011138405 | M450: -1.1256435 | N450: 30.306501 | O450: 0.2691519 | AH450: FALSE | AJ450: multiverse cell 372/1260: coding=tie_break_median, outlier=rstudent, es_set=full, df_basis=dfE, estimator=3LMA-RVE_CR2, rho=0.6 [DEC-045 S2]; descriptive curve cell
A451: H3 | B451: end_any_exposure|rstudent|full|dfE | C451: 3LMA-RVE_CR2|r0.6 | D451: diff | E451: Fisher_z | F451: 3LMA-RVE_CR2 | G451: 0.6 | H451: 2692 | I451: 113 | J451: 112 | K451: 0.0015117051 | L451: 0.010326905 | M451: 0.14638511 | N451: 35.092801 | O451: 0.88445508 | AH451: FALSE | AJ451: multiverse cell 373/1260: coding=end_any_exposure, outlier=rstudent, es_set=full, df_basis=dfE, estimator=3LMA-RVE_CR2, rho=0.6 [DEC-045 S2]; descriptive curve cell
A452: H3 | B452: share_recut_2017|rstudent|full|dfE | C452: 3LMA-RVE_CR2|r0.6 | D452: diff | E452: Fisher_z | F452: 3LMA-RVE_CR2 | G452: 0.6 | H452: 2692 | I452: 113 | J452: 112 | K452: -0.012932697 | L452: 0.011606505 | M452: -1.1142628 | N452: 26.484372 | O452: 0.27517665 | AH452: FALSE | AJ452: multiverse cell 374/1260: coding=share_recut_2017, outlier=rstudent, es_set=full, df_basis=dfE, estimator=3LMA-RVE_CR2, rho=0.6 [DEC-045 S2]; descriptive curve cell
A453: H3 | B453: share_recut_2018|rstudent|full|dfE | C453: 3LMA-RVE_CR2|r0.6 | D453: diff | E453: Fisher_z | F453: 3LMA-RVE_CR2 | G453: 0.6 | H453: 2692 | I453: 113 | J453: 112 | K453: -0.013806518 | L453: 0.014816899 | M453: -0.93180885 | N453: 17.860825 | O453: 0.3638608 | AH453: FALSE | AJ453: multiverse cell 375/1260: coding=share_recut_2018, outlier=rstudent, es_set=full, df_basis=dfE, estimator=3LMA-RVE_CR2, rho=0.6 [DEC-045 S2]; descriptive curve cell
A454: H3 | B454: share_recut_2019|rstudent|full|dfE | C454: 3LMA-RVE_CR2|r0.6 | D454: diff | E454: Fisher_z | F454: 3LMA-RVE_CR2 | G454: 0.6 | H454: 2692 | I454: 113 | J454: 112 | K454: -0.01368234 | L454: 0.01601029 | M454: -0.85459663 | N454: 14.690991 | O454: 0.4064954 | AH454: FALSE | AJ454: multiverse cell 376/1260: coding=share_recut_2019, outlier=rstudent, es_set=full, df_basis=dfE, estimator=3LMA-RVE_CR2, rho=0.6 [DEC-045 S2]; descriptive curve cell
A455: H3 | B455: end_lag1|rstudent|full|dfE | C455: 3LMA-RVE_CR2|r0.6 | D455: diff | E455: Fisher_z | F455: 3LMA-RVE_CR2 | G455: 0.6 | H455: 2692 | I455: 113 | J455: 112 | K455: 0.0032967757 | L455: 0.0089609377 | M455: 0.36790521 | N455: 45.250472 | O455: 0.7146593 | AH455: FALSE | AJ455: multiverse cell 377/1260: coding=end_lag1, outlier=rstudent, es_set=full, df_basis=dfE, estimator=3LMA-RVE_CR2, rho=0.6 [DEC-045 S2]; descriptive curve cell
A456: H3 | B456: end_lag2|rstudent|full|dfE | C456: 3LMA-RVE_CR2|r0.6 | D456: diff | E456: Fisher_z | F456: 3LMA-RVE_CR2 | G456: 0.6 | H456: 2692 | I456: 113 | J456: 112 | K456: 0.011277161 | L456: 0.0086894802 | M456: 1.2977946 | N456: 60.459427 | O456: 0.19928756 | AH456: FALSE | AJ456: multiverse cell 378/1260: coding=end_lag2, outlier=rstudent, es_set=full, df_basis=dfE, estimator=3LMA-RVE_CR2, rho=0.6 [DEC-045 S2]; descriptive curve cell
A457: H3 | B457: end_lag3|rstudent|full|dfE | C457: 3LMA-RVE_CR2|r0.6 | D457: diff | E457: Fisher_z | F457: 3LMA-RVE_CR2 | G457: 0.6 | H457: 2692 | I457: 113 | J457: 112 | K457: -0.00044632836 | L457: 0.0090170099 | M457: -0.049498488 | N457: 68.532558 | O457: 0.96066602 | AH457: FALSE | AJ457: multiverse cell 379/1260: coding=end_lag3, outlier=rstudent, es_set=full, df_basis=dfE, estimator=3LMA-RVE_CR2, rho=0.6 [DEC-045 S2]; descriptive curve cell
A458: H3 | B458: clean_window|rstudent|full|dfE | C458: 3LMA-RVE_CR2|r0.6 | D458: diff | E458: Fisher_z | F458: 3LMA-RVE_CR2 | G458: 0.6 | H458: 924 | I458: 40 | J458: 40 | K458: -0.020562781 | L458: 0.019321277 | M458: -1.0642558 | N458: 24.023132 | O458: 0.29779375 | AH458: FALSE | AJ458: multiverse cell 380/1260: coding=clean_window, outlier=rstudent, es_set=full, df_basis=dfE, estimator=3LMA-RVE_CR2, rho=0.6 [DEC-045 S2]; descriptive curve cell
A459: H3 | B459: paris_mid|winsor|full|dfE | C459: 3LMA-RVE_CR2|r0.6 | D459: diff | E459: Fisher_z | F459: 3LMA-RVE_CR2 | G459: 0.6 | H459: 2705 | I459: 113 | J459: 112 | K459: -0.0099159664 | L459: 0.011105586 | M459: -0.89288094 | N459: 34.899025 | O459: 0.37803677 | AH459: FALSE | AJ459: multiverse cell 381/1260: coding=paris_mid, outlier=winsor, es_set=full, df_basis=dfE, estimator=3LMA-RVE_CR2, rho=0.6 [DEC-045 S2]; descriptive curve cell
A460: H3 | B460: tie_break_median|winsor|full|dfE | C460: 3LMA-RVE_CR2|r0.6 | D460: diff | E460: Fisher_z | F460: 3LMA-RVE_CR2 | G460: 0.6 | H460: 2705 | I460: 113 | J460: 112 | K460: -0.0079066787 | L460: 0.011465949 | M460: -0.68957907 | N460: 26.782575 | O460: 0.49639077 | AH460: FALSE | AJ460: multiverse cell 382/1260: coding=tie_break_median, outlier=winsor, es_set=full, df_basis=dfE, estimator=3LMA-RVE_CR2, rho=0.6 [DEC-045 S2]; descriptive curve cell
... A1338: H3 | B1338: clean_window|winsor|no_starbound|k20 | C1338: one_per_cluster|r0.8 | D1338: diff | E1338: Fisher_z | F1338: one_per_cluster | G1338: 0.8 | H1338: 905 | I1338: 38 | J1338: 38 | K1338: -0.031519008 | L1338: 0.033480224 | M1338: -0.94142167 | N1338: 36 | O1338: 0.35276359 | AH1338: FALSE | AJ1338: multiverse cell 1260/1260: coding=clean_window, outlier=winsor, es_set=no_starbound, df_basis=k20, estimator=one_per_cluster, rho=0.8 [DEC-045 S2]; cluster x cell aggregates (D2/H2b convention)
A1339: TH_design | B1339: design | C1339: defined | D1339: perm_list | E1339: count | F1339: descriptive | AG1339: 500 | AH1339: FALSE | AJ1339: output/TH_c_perms.rds: 112 x 500 cluster permutations, generated FIRST under seed 20260710; md5 = 077d689b2dee2931467650585089888a; workers receive indices (scheduling-invariant)
A1340: TH_design | B1340: design | C1340: defined | D1340: execution_order | E1340: count | F1340: descriptive | AH1340: FALSE | AJ1340: pinned: PERMS -> masks -> H1 stream -> H1 calibration -> permutation pass (H5+H4+H3 core, ONE pass, 23 fits/replicate) -> H3 curve [DEC-045]
A1341: TH_design | B1341: design | C1341: defined | D1341: blas_note | E1341: count | F1341: descriptive | AH1341: FALSE | AJ1341: Windows CRAN reference BLAS is single-threaded; OMP/OPENBLAS/MKL thread env guards additionally set per worker [determinism pin]
A1342: TH_design | B1342: design | C1342: defined | D1342: center_sample_mid | E1342: year | F1342: descriptive | AG1342: 2012.2579 | AH1342: FALSE | AJ1342: derived in-script (constancy asserted); race consistency with R/08
A1343: TH_design | B1343: design | C1343: defined | D1343: t8_race_anchor | E1343: count | F1343: descriptive | AH1343: FALSE | AJ1343: F65 gates PASSED: committed T8 B4/race/pp_mid_lag0 matched embedded constants at 1e-9; observed refit identity at 1e-6; |t_race_obs| = 1.052421
A1344: TH_design | B1344: design | C1344: defined | D1344: h4_admissible_echo | E1344: count | F1344: descriptive | AG1344: 12 | AH1344: FALSE | AJ1344: read from TH_a_results.csv design row and membership-verified: 2008, 2009, 2010, 2011, 2012, 2013, 2014, 2015, 2016, 2017, 2018, 2019; recomputation identity via the observed permutation-pass machinery
A1345: TH_design | B1345: design | C1345: defined | D1345: rstudent_mask | E1345: count | F1345: descriptive | AG1345: 13 | AH1345: FALSE | AJ1345: |standardized marginal residual| > 3 from the full-set intercept spine (mu = -0.058647, sum sigma2 = 0.031629), computed ONCE, fixed across cells and replicates [DEC-045 amendment]
A1346: TH_design | B1346: design | C1346: defined | D1346: winsor_bounds | E1346: count | F1346: descriptive | AH1346: FALSE | AJ1346: zi winsorized at empirical P1/P99 of the full estimation set: [-0.380770, 0.184715], computed once
A1347: TH_design | B1347: design | C1347: defined | D1347: vi_k_identity | E1347: count | F1347: descriptive | AG1347: 2607 | AH1347: FALSE | AJ1347: load assert PASSED: vi_k10 = 1/(1/vi - 10) and vi_k20 = 1/(1/vi - 20) on PCC rows (1e-9; algebraically identical to 1/(n-13), 1/(n-23) under the F21 base convention vi = 1/(n-3)); bivariate rows carry base vi in the k-columns; the raw n_obs extraction column is NOT consumed; k20 basis excludes 1 row(s) with nonpositive/NA vi_k20 (tiny-n edge, n <= 23) from all k20 cells -- disclosed [DEC-045 amendment; author ruling 2026-07-24]
A1348: TH_design | B1348: design | C1348: defined | D1348: core_cells | E1348: count | F1348: descriptive | AG1348: 10 | AH1348: FALSE | AJ1348: core cell keys: paris_mid|none|full|dfE; tie_break_median|none|full|dfE; end_any_exposure|none|full|dfE; share_recut_2017|none|full|dfE; share_recut_2018|none|full|dfE; share_recut_2019|none|full|dfE; end_lag1|none|full|dfE; end_lag2|none|full|dfE; end_lag3|none|full|dfE; clean_window|none|full|dfE

Sheet Manuscript_Inputs
A1: TH-c (simulation & permutation family) · Manuscript Inputs (ms_input = TRUE rows; every cell formula-derived from Results_Long)
A2: Paste-ready strings via locale-neutral digit arithmetic (no TEXT format codes, no CONCAT) - pinned convention
A3: Run finished 2026-07-26 17:39 (canonical) · runtime 44.3 h · verifier R/09_verify_outputs.R 19/19 PASS · chat artefact check 2026-07-26 18/18 PASS · output/TH_c_results.csv 1347x36 · counters fits/fallback/fail: 11,500/92/0 (pass) · 540/3/0 (curve) · 200/2/0 (calibration) · eff_B 500/500/500 · not_estimable cells: 0
A5: ms_label | B5: Quantity | C5: c1 | D5: c2 | E5: c3 | F5: c4 | G5: c5 | H5: Paste-ready string (formula-derived) | I5: Source pointer | J5: note (verbatim)
A6: h1_mde_primary | B6: H1 primary MDE (own x1.0): MDE80 or NA + power@0.08 + df_Satt | C6: =IF(INDEX(Results_Long!$AG:$AG,SUMPRODUCT((Results_Long!$A$2:$A$1348="H1")*(Results_Long!$B$2:$B$1348="own_x1.0")*(Results_Long!$C$2:$C$1348="defined")*(Results_Long!$D$2:$D$1348="mde_power80")*ROW(Results_Long!$A$2:$A$1348)))="","NA",INDEX(Results_Long!$AG:$AG,SUMPRODUCT((Results_Long!$A$2:$A$1348="H1")*(Results_Long!$B$2:$B$1348="own_x1.0")*(Results_Long!$C$2:$C$1348="defined")*(Results_Long!$D$2:$D$1348="mde_power80")*ROW(Results_Long!$A$2:$A$1348)))) -> NA | D6: =IF(INDEX(Results_Long!$AG:$AG,SUMPRODUCT((Results_Long!$A$2:$A$1348="H1")*(Results_Long!$B$2:$B$1348="own_x1.0")*(Results_Long!$C$2:$C$1348="defined")*(Results_Long!$D$2:$D$1348="power_delta_0.08")*ROW(Results_Long!$A$2:$A$1348)))="","NA",INDEX(Results_Long!$AG:$AG,SUMPRODUCT((Results_Long!$A$2:$A$1348="H1")*(Results_Long!$B$2:$B$1348="own_x1.0")*(Results_Long!$C$2:$C$1348="defined")*(Results_Long!$D$2:$D$1348="power_delta_0.08")*ROW(Results_Long!$A$2:$A$1348)))) -> 0.7304 | E6: =IF(INDEX(Results_Long!$N:$N,SUMPRODUCT((Results_Long!$A$2:$A$1348="H1")*(Results_Long!$B$2:$B$1348="own_x1.0")*(Results_Long!$C$2:$C$1348="defined")*(Results_Long!$D$2:$D$1348="mde_power80")*ROW(Results_Long!$A$2:$A$1348)))="","NA",INDEX(Results_Long!$N:$N,SUMPRODUCT((Results_Long!$A$2:$A$1348="H1")*(Results_Long!$B$2:$B$1348="own_x1.0")*(Results_Long!$C$2:$C$1348="defined")*(Results_Long!$D$2:$D$1348="mde_power80")*ROW(Results_Long!$A$2:$A$1348)))) -> 11.819361 | H6: ="MDE80 (own x1.0 scenario): "&IF($C6="NA","NA - above the delta-grid ceiling 0.08; power at 0.08 = "&IF($D6="NA","NA",IF($D6<0,"-","")&INT(ROUND(ABS($D6)*10000,0)/10000)&"."&REPT("0",4-LEN(MOD(ROUND(ABS($D6)*10000,0),10000)))&MOD(ROUND(ABS($D6)*10000,0),10000)),""&IF($C6="NA","NA",IF($C6<0,"-","")&INT(ROUND(ABS($C6)*10000,0)/10000)&"."&REPT("0",4-LEN(MOD(ROUND(ABS($C6)*10000,0),10000)))&MOD(ROUND(ABS($C6)*10000,0),10000)))&" (df_Satt = "&IF($E6="NA","NA",IF($E6<0,"-","")&INT(ROUND(ABS($E6)*100,0)/100)&"."&REPT("0",2-LEN(MOD(ROUND(ABS($E6)*100,0),100)))&MOD(ROUND(ABS($E6)*100,0),100))&")" -> MDE80 (own x1.0 scenario): NA - above the delta-grid ceiling 0.08; power at 0.08 = 0.7304 (df_Satt = 11.82) | I6: TH_c_results.csv H1 own_x1.0 | J6: =IF(INDEX(Results_Long!$AJ:$AJ,SUMPRODUCT((Results_Long!$A$2:$A$1348="H1")*(Results_Long!$B$2:$B$1348="own_x1.0")*(Results_Long!$C$2:$C$1348="defined")*(Results_Long!$D$2:$D$1348="mde_power80")*ROW(Results_Long!$A$2:$A$1348)))="","NA",INDEX(Results_Long!$AJ:$AJ,SUMPRODUCT((Results_Long!$A$2:$A$1348="H1")*(Results_Long!$B$2:$B$1348="own_x1.0")*(Results_Long!$C$2:$C$1348="defined")*(Results_Long!$D$2:$D$1348="mde_power80")*ROW(Results_Long!$A$2:$A$1348)))) -> H1 scenario own_x1.0: fixed VC (cluster/study/esid) = 0.0197455/1.02092e-09/0.0118832 (= T1/A2 components x 1.0); design X = [1, pp_mid] on 2,705/112; CR2/Satterthwaite two-sided alpha=.05, df precomputed y-free; delta enters as noncentral shift of one B=5000 stream [DEC-045/H-Q14/R1]; MDE = smallest delta with power >= .80, linear interpolation on the 9-point grid; NA = above grid ceiling 0.08
A7: h3_p_perm_share | B7: H3 joint permutation: share stat + both p_perm + B_eff | C7: =IF(INDEX(Results_Long!$AG:$AG,SUMPRODUCT((Results_Long!$A$2:$A$1348="H3")*(Results_Long!$B$2:$B$1348="core_curve")*(Results_Long!$C$2:$C$1348="defined")*(Results_Long!$D$2:$D$1348="p_perm_share_sig")*ROW(Results_Long!$A$2:$A$1348)))="","NA",INDEX(Results_Long!$AG:$AG,SUMPRODUCT((Results_Long!$A$2:$A$1348="H3")*(Results_Long!$B$2:$B$1348="core_curve")*(Results_Long!$C$2:$C$1348="defined")*(Results_Long!$D$2:$D$1348="p_perm_share_sig")*ROW(Results_Long!$A$2:$A$1348)))) -> 1 | D7: =IF(INDEX(Results_Long!$AG:$AG,SUMPRODUCT((Results_Long!$A$2:$A$1348="H3")*(Results_Long!$B$2:$B$1348="core_curve")*(Results_Long!$C$2:$C$1348="defined")*(Results_Long!$D$2:$D$1348="observed_share_sig")*ROW(Results_Long!$A$2:$A$1348)))="","NA",INDEX(Results_Long!$AG:$AG,SUMPRODUCT((Results_Long!$A$2:$A$1348="H3")*(Results_Long!$B$2:$B$1348="core_curve")*(Results_Long!$C$2:$C$1348="defined")*(Results_Long!$D$2:$D$1348="observed_share_sig")*ROW(Results_Long!$A$2:$A$1348)))) -> 0 | E7: =IF(INDEX(Results_Long!$AG:$AG,SUMPRODUCT((Results_Long!$A$2:$A$1348="H3")*(Results_Long!$B$2:$B$1348="core_curve")*(Results_Long!$C$2:$C$1348="defined")*(Results_Long!$D$2:$D$1348="p_perm_median_t")*ROW(Results_Long!$A$2:$A$1348)))="","NA",INDEX(Results_Long!$AG:$AG,SUMPRODUCT((Results_Long!$A$2:$A$1348="H3")*(Results_Long!$B$2:$B$1348="core_curve")*(Results_Long!$C$2:$C$1348="defined")*(Results_Long!$D$2:$D$1348="p_perm_median_t")*ROW(Results_Long!$A$2:$A$1348)))) -> 0.85429142 | F7: =IF(INDEX(Results_Long!$AG:$AG,SUMPRODUCT((Results_Long!$A$2:$A$1348="H3")*(Results_Long!$B$2:$B$1348="core_curve")*(Results_Long!$C$2:$C$1348="defined")*(Results_Long!$D$2:$D$1348="eff_B")*ROW(Results_Long!$A$2:$A$1348)))="","NA",INDEX(Results_Long!$AG:$AG,SUMPRODUCT((Results_Long!$A$2:$A$1348="H3")*(Results_Long!$B$2:$B$1348="core_curve")*(Results_Long!$C$2:$C$1348="defined")*(Results_Long!$D$2:$D$1348="eff_B")*ROW(Results_Long!$A$2:$A$1348)))) -> 500 | H7: ="Joint spec-curve permutation: observed share p<.05 = "&IF($D7="NA","NA",ROUND($D7*10,0))&"/10; p_perm(share) = "&IF($C7="NA","NA",IF($C7<0,"-","")&INT(ROUND(ABS($C7)*10000,0)/10000)&"."&REPT("0",4-LEN(MOD(ROUND(ABS($C7)*10000,0),10000)))&MOD(ROUND(ABS($C7)*10000,0),10000))&"; p_perm(median |t|) = "&IF($E7="NA","NA",IF($E7<0,"-","")&INT(ROUND(ABS($E7)*10000,0)/10000)&"."&REPT("0",4-LEN(MOD(ROUND(ABS($E7)*10000,0),10000)))&MOD(ROUND(ABS($E7)*10000,0),10000))&"; B_eff = "&IF($F7="NA","NA",ROUND($F7,0)) -> Joint spec-curve permutation: observed share p<.05 = 0/10; p_perm(share) = 1.0000; p_perm(median |t|) = 0.8543; B_eff = 500 | I7: TH_c_results.csv H3 core_curve | J7: =IF(INDEX(Results_Long!$AJ:$AJ,SUMPRODUCT((Results_Long!$A$2:$A$1348="H3")*(Results_Long!$B$2:$B$1348="core_curve")*(Results_Long!$C$2:$C$1348="defined")*(Results_Long!$D$2:$D$1348="p_perm_share_sig")*ROW(Results_Long!$A$2:$A$1348)))="","NA",INDEX(Results_Long!$AJ:$AJ,SUMPRODUCT((Results_Long!$A$2:$A$1348="H3")*(Results_Long!$B$2:$B$1348="core_curve")*(Results_Long!$C$2:$C$1348="defined")*(Results_Long!$D$2:$D$1348="p_perm_share_sig")*ROW(Results_Long!$A$2:$A$1348)))) -> joint permutation [H-Q15/R3]: ONE cluster time-translation per replicate applied to all 10 core cells (codings re-derived); p = (1 + 500)/(500 + 1)
A8: h3_core_paris_mid | B8: H3 core cell paris_mid (diff, df, t, p) | C8: =IF(INDEX(Results_Long!$K:$K,SUMPRODUCT((Results_Long!$A$2:$A$1348="H3")*(Results_Long!$B$2:$B$1348="paris_mid|none|full|dfE")*(Results_Long!$C$2:$C$1348="3LMA-RVE_CR2|r0.6")*(Results_Long!$D$2:$D$1348="diff")*ROW(Results_Long!$A$2:$A$1348)))="","NA",INDEX(Results_Long!$K:$K,SUMPRODUCT((Results_Long!$A$2:$A$1348="H3")*(Results_Long!$B$2:$B$1348="paris_mid|none|full|dfE")*(Results_Long!$C$2:$C$1348="3LMA-RVE_CR2|r0.6")*(Results_Long!$D$2:$D$1348="diff")*ROW(Results_Long!$A$2:$A$1348)))) -> 0.010175907 | D8: =IF(INDEX(Results_Long!$N:$N,SUMPRODUCT((Results_Long!$A$2:$A$1348="H3")*(Results_Long!$B$2:$B$1348="paris_mid|none|full|dfE")*(Results_Long!$C$2:$C$1348="3LMA-RVE_CR2|r0.6")*(Results_Long!$D$2:$D$1348="diff")*ROW(Results_Long!$A$2:$A$1348)))="","NA",INDEX(Results_Long!$N:$N,SUMPRODUCT((Results_Long!$A$2:$A$1348="H3")*(Results_Long!$B$2:$B$1348="paris_mid|none|full|dfE")*(Results_Long!$C$2:$C$1348="3LMA-RVE_CR2|r0.6")*(Results_Long!$D$2:$D$1348="diff")*ROW(Results_Long!$A$2:$A$1348)))) -> 14.992066 | E8: =IF(INDEX(Results_Long!$M:$M,SUMPRODUCT((Results_Long!$A$2:$A$1348="H3")*(Results_Long!$B$2:$B$1348="paris_mid|none|full|dfE")*(Results_Long!$C$2:$C$1348="3LMA-RVE_CR2|r0.6")*(Results_Long!$D$2:$D$1348="diff")*ROW(Results_Long!$A$2:$A$1348)))="","NA",INDEX(Results_Long!$M:$M,SUMPRODUCT((Results_Long!$A$2:$A$1348="H3")*(Results_Long!$B$2:$B$1348="paris_mid|none|full|dfE")*(Results_Long!$C$2:$C$1348="3LMA-RVE_CR2|r0.6")*(Results_Long!$D$2:$D$1348="diff")*ROW(Results_Long!$A$2:$A$1348)))) -> 0.56197868 | F8: =IF(INDEX(Results_Long!$O:$O,SUMPRODUCT((Results_Long!$A$2:$A$1348="H3")*(Results_Long!$B$2:$B$1348="paris_mid|none|full|dfE")*(Results_Long!$C$2:$C$1348="3LMA-RVE_CR2|r0.6")*(Results_Long!$D$2:$D$1348="diff")*ROW(Results_Long!$A$2:$A$1348)))="","NA",INDEX(Results_Long!$O:$O,SUMPRODUCT((Results_Long!$A$2:$A$1348="H3")*(Results_Long!$B$2:$B$1348="paris_mid|none|full|dfE")*(Results_Long!$C$2:$C$1348="3LMA-RVE_CR2|r0.6")*(Results_Long!$D$2:$D$1348="diff")*ROW(Results_Long!$A$2:$A$1348)))) -> 0.58243573 | H8: ="core cell paris_mid: diff_z = "&IF($C8="NA","NA",IF($C8<0,"-","+")&INT(ROUND(ABS($C8)*10000,0)/10000)&"."&REPT("0",4-LEN(MOD(ROUND(ABS($C8)*10000,0),10000)))&MOD(ROUND(ABS($C8)*10000,0),10000))&", t("&IF($D8="NA","NA",IF($D8<0,"-","")&INT(ROUND(ABS($D8)*10,0)/10)&"."&REPT("0",1-LEN(MOD(ROUND(ABS($D8)*10,0),10)))&MOD(ROUND(ABS($D8)*10,0),10))&") = "&IF($E8="NA","NA",IF($E8<0,"-","")&INT(ROUND(ABS($E8)*100,0)/100)&"."&REPT("0",2-LEN(MOD(ROUND(ABS($E8)*100,0),100)))&MOD(ROUND(ABS($E8)*100,0),100))&", "&IF($F8="NA","p = NA",IF($F8<0.0001,"p < 0.0001","p = "&IF($F8="NA","NA",IF($F8<0,"-","")&INT(ROUND(ABS($F8)*10000,0)/10000)&"."&REPT("0",4-LEN(MOD(ROUND(ABS($F8)*10000,0),10000)))&MOD(ROUND(ABS($F8)*10000,0),10000)))) -> core cell paris_mid: diff_z = +0.0102, t(15.0) = 0.56, p = 0.5824 | I8: TH_c_results.csv H3 paris_mid|none|full|dfE (core) | J8: =IF(INDEX(Results_Long!$AJ:$AJ,SUMPRODUCT((Results_Long!$A$2:$A$1348="H3")*(Results_Long!$B$2:$B$1348="paris_mid|none|full|dfE")*(Results_Long!$C$2:$C$1348="3LMA-RVE_CR2|r0.6")*(Results_Long!$D$2:$D$1348="diff")*ROW(Results_Long!$A$2:$A$1348)))="","NA",INDEX(Results_Long!$AJ:$AJ,SUMPRODUCT((Results_Long!$A$2:$A$1348="H3")*(Results_Long!$B$2:$B$1348="paris_mid|none|full|dfE")*(Results_Long!$C$2:$C$1348="3LMA-RVE_CR2|r0.6")*(Results_Long!$D$2:$D$1348="diff")*ROW(Results_Long!$A$2:$A$1348)))) -> multiverse cell 361/1260: coding=paris_mid, outlier=none, es_set=full, df_basis=dfE, estimator=3LMA-RVE_CR2, rho=0.6 [DEC-045 S2]; descriptive curve cell; CORE cell (inference via joint permutation); verifier identity vs committed T2 diff at 1e-6
A9: h3_core_tie_break_median | B9: H3 core cell tie_break_median (diff, df, t, p) | C9: =IF(INDEX(Results_Long!$K:$K,SUMPRODUCT((Results_Long!$A$2:$A$1348="H3")*(Results_Long!$B$2:$B$1348="tie_break_median|none|full|dfE")*(Results_Long!$C$2:$C$1348="3LMA-RVE_CR2|r0.6")*(Results_Long!$D$2:$D$1348="diff")*ROW(Results_Long!$A$2:$A$1348)))="","NA",INDEX(Results_Long!$K:$K,SUMPRODUCT((Results_Long!$A$2:$A$1348="H3")*(Results_Long!$B$2:$B$1348="tie_break_median|none|full|dfE")*(Results_Long!$C$2:$C$1348="3LMA-RVE_CR2|r0.6")*(Results_Long!$D$2:$D$1348="diff")*ROW(Results_Long!$A$2:$A$1348)))) -> 0.0098055409 | D9: =IF(INDEX(Results_Long!$N:$N,SUMPRODUCT((Results_Long!$A$2:$A$1348="H3")*(Results_Long!$B$2:$B$1348="tie_break_median|none|full|dfE")*(Results_Long!$C$2:$C$1348="3LMA-RVE_CR2|r0.6")*(Results_Long!$D$2:$D$1348="diff")*ROW(Results_Long!$A$2:$A$1348)))="","NA",INDEX(Results_Long!$N:$N,SUMPRODUCT((Results_Long!$A$2:$A$1348="H3")*(Results_Long!$B$2:$B$1348="tie_break_median|none|full|dfE")*(Results_Long!$C$2:$C$1348="3LMA-RVE_CR2|r0.6")*(Results_Long!$D$2:$D$1348="diff")*ROW(Results_Long!$A$2:$A$1348)))) -> 12.26371 | E9: =IF(INDEX(Results_Long!$M:$M,SUMPRODUCT((Results_Long!$A$2:$A$1348="H3")*(Results_Long!$B$2:$B$1348="tie_break_median|none|full|dfE")*(Results_Long!$C$2:$C$1348="3LMA-RVE_CR2|r0.6")*(Results_Long!$D$2:$D$1348="diff")*ROW(Results_Long!$A$2:$A$1348)))="","NA",INDEX(Results_Long!$M:$M,SUMPRODUCT((Results_Long!$A$2:$A$1348="H3")*(Results_Long!$B$2:$B$1348="tie_break_median|none|full|dfE")*(Results_Long!$C$2:$C$1348="3LMA-RVE_CR2|r0.6")*(Results_Long!$D$2:$D$1348="diff")*ROW(Results_Long!$A$2:$A$1348)))) -> 0.55248624 | F9: =IF(INDEX(Results_Long!$O:$O,SUMPRODUCT((Results_Long!$A$2:$A$1348="H3")*(Results_Long!$B$2:$B$1348="tie_break_median|none|full|dfE")*(Results_Long!$C$2:$C$1348="3LMA-RVE_CR2|r0.6")*(Results_Long!$D$2:$D$1348="diff")*ROW(Results_Long!$A$2:$A$1348)))="","NA",INDEX(Results_Long!$O:$O,SUMPRODUCT((Results_Long!$A$2:$A$1348="H3")*(Results_Long!$B$2:$B$1348="tie_break_median|none|full|dfE")*(Results_Long!$C$2:$C$1348="3LMA-RVE_CR2|r0.6")*(Results_Long!$D$2:$D$1348="diff")*ROW(Results_Long!$A$2:$A$1348)))) -> 0.59054305 | H9: ="core cell tie_break_median: diff_z = "&IF($C9="NA","NA",IF($C9<0,"-","+")&INT(ROUND(ABS($C9)*10000,0)/10000)&"."&REPT("0",4-LEN(MOD(ROUND(ABS($C9)*10000,0),10000)))&MOD(ROUND(ABS($C9)*10000,0),10000))&", t("&IF($D9="NA","NA",IF($D9<0,"-","")&INT(ROUND(ABS($D9)*10,0)/10)&"."&REPT("0",1-LEN(MOD(ROUND(ABS($D9)*10,0),10)))&MOD(ROUND(ABS($D9)*10,0),10))&") = "&IF($E9="NA","NA",IF($E9<0,"-","")&INT(ROUND(ABS($E9)*100,0)/100)&"."&REPT("0",2-LEN(MOD(ROUND(ABS($E9)*100,0),100)))&MOD(ROUND(ABS($E9)*100,0),100))&", "&IF($F9="NA","p = NA",IF($F9<0.0001,"p < 0.0001","p = "&IF($F9="NA","NA",IF($F9<0,"-","")&INT(ROUND(ABS($F9)*10000,0)/10000)&"."&REPT("0",4-LEN(MOD(ROUND(ABS($F9)*10000,0),10000)))&MOD(ROUND(ABS($F9)*10000,0),10000)))) -> core cell tie_break_median: diff_z = +0.0098, t(12.3) = 0.55, p = 0.5905 | I9: TH_c_results.csv H3 tie_break_median|none|full|dfE (core) | J9: =IF(INDEX(Results_Long!$AJ:$AJ,SUMPRODUCT((Results_Long!$A$2:$A$1348="H3")*(Results_Long!$B$2:$B$1348="tie_break_median|none|full|dfE")*(Results_Long!$C$2:$C$1348="3LMA-RVE_CR2|r0.6")*(Results_Long!$D$2:$D$1348="diff")*ROW(Results_Long!$A$2:$A$1348)))="","NA",INDEX(Results_Long!$AJ:$AJ,SUMPRODUCT((Results_Long!$A$2:$A$1348="H3")*(Results_Long!$B$2:$B$1348="tie_break_median|none|full|dfE")*(Results_Long!$C$2:$C$1348="3LMA-RVE_CR2|r0.6")*(Results_Long!$D$2:$D$1348="diff")*ROW(Results_Long!$A$2:$A$1348)))) -> multiverse cell 362/1260: coding=tie_break_median, outlier=none, es_set=full, df_basis=dfE, estimator=3LMA-RVE_CR2, rho=0.6 [DEC-045 S2]; descriptive curve cell; CORE cell (inference via joint permutation); verifier identity vs committed T2 diff at 1e-6
A10: h3_core_end_any_exposure | B10: H3 core cell end_any_exposure (diff, df, t, p) | C10: =IF(INDEX(Results_Long!$K:$K,SUMPRODUCT((Results_Long!$A$2:$A$1348="H3")*(Results_Long!$B$2:$B$1348="end_any_exposure|none|full|dfE")*(Results_Long!$C$2:$C$1348="3LMA-RVE_CR2|r0.6")*(Results_Long!$D$2:$D$1348="diff")*ROW(Results_Long!$A$2:$A$1348)))="","NA",INDEX(Results_Long!$K:$K,SUMPRODUCT((Results_Long!$A$2:$A$1348="H3")*(Results_Long!$B$2:$B$1348="end_any_exposure|none|full|dfE")*(Results_Long!$C$2:$C$1348="3LMA-RVE_CR2|r0.6")*(Results_Long!$D$2:$D$1348="diff")*ROW(Results_Long!$A$2:$A$1348)))) -> -0.019403455 | D10: =IF(INDEX(Results_Long!$N:$N,SUMPRODUCT((Results_Long!$A$2:$A$1348="H3")*(Results_Long!$B$2:$B$1348="end_any_exposure|none|full|dfE")*(Results_Long!$C$2:$C$1348="3LMA-RVE_CR2|r0.6")*(Results_Long!$D$2:$D$1348="diff")*ROW(Results_Long!$A$2:$A$1348)))="","NA",INDEX(Results_Long!$N:$N,SUMPRODUCT((Results_Long!$A$2:$A$1348="H3")*(Results_Long!$B$2:$B$1348="end_any_exposure|none|full|dfE")*(Results_Long!$C$2:$C$1348="3LMA-RVE_CR2|r0.6")*(Results_Long!$D$2:$D$1348="diff")*ROW(Results_Long!$A$2:$A$1348)))) -> 41.60291 | E10: =IF(INDEX(Results_Long!$M:$M,SUMPRODUCT((Results_Long!$A$2:$A$1348="H3")*(Results_Long!$B$2:$B$1348="end_any_exposure|none|full|dfE")*(Results_Long!$C$2:$C$1348="3LMA-RVE_CR2|r0.6")*(Results_Long!$D$2:$D$1348="diff")*ROW(Results_Long!$A$2:$A$1348)))="","NA",INDEX(Results_Long!$M:$M,SUMPRODUCT((Results_Long!$A$2:$A$1348="H3")*(Results_Long!$B$2:$B$1348="end_any_exposure|none|full|dfE")*(Results_Long!$C$2:$C$1348="3LMA-RVE_CR2|r0.6")*(Results_Long!$D$2:$D$1348="diff")*ROW(Results_Long!$A$2:$A$1348)))) -> -0.92698674 | F10: =IF(INDEX(Results_Long!$O:$O,SUMPRODUCT((Results_Long!$A$2:$A$1348="H3")*(Results_Long!$B$2:$B$1348="end_any_exposure|none|full|dfE")*(Results_Long!$C$2:$C$1348="3LMA-RVE_CR2|r0.6")*(Results_Long!$D$2:$D$1348="diff")*ROW(Results_Long!$A$2:$A$1348)))="","NA",INDEX(Results_Long!$O:$O,SUMPRODUCT((Results_Long!$A$2:$A$1348="H3")*(Results_Long!$B$2:$B$1348="end_any_exposure|none|full|dfE")*(Results_Long!$C$2:$C$1348="3LMA-RVE_CR2|r0.6")*(Results_Long!$D$2:$D$1348="diff")*ROW(Results_Long!$A$2:$A$1348)))) -> 0.35928021 | H10: ="core cell end_any_exposure: diff_z = "&IF($C10="NA","NA",IF($C10<0,"-","+")&INT(ROUND(ABS($C10)*10000,0)/10000)&"."&REPT("0",4-LEN(MOD(ROUND(ABS($C10)*10000,0),10000)))&MOD(ROUND(ABS($C10)*10000,0),10000))&", t("&IF($D10="NA","NA",IF($D10<0,"-","")&INT(ROUND(ABS($D10)*10,0)/10)&"."&REPT("0",1-LEN(MOD(ROUND(ABS($D10)*10,0),10)))&MOD(ROUND(ABS($D10)*10,0),10))&") = "&IF($E10="NA","NA",IF($E10<0,"-","")&INT(ROUND(ABS($E10)*100,0)/100)&"."&REPT("0",2-LEN(MOD(ROUND(ABS($E10)*100,0),100)))&MOD(ROUND(ABS($E10)*100,0),100))&", "&IF($F10="NA","p = NA",IF($F10<0.0001,"p < 0.0001","p = "&IF($F10="NA","NA",IF($F10<0,"-","")&INT(ROUND(ABS($F10)*10000,0)/10000)&"."&REPT("0",4-LEN(MOD(ROUND(ABS($F10)*10000,0),10000)))&MOD(ROUND(ABS($F10)*10000,0),10000)))) -> core cell end_any_exposure: diff_z = -0.0194, t(41.6) = -0.93, p = 0.3593 | I10: TH_c_results.csv H3 end_any_exposure|none|full|dfE (core) | J10: =IF(INDEX(Results_Long!$AJ:$AJ,SUMPRODUCT((Results_Long!$A$2:$A$1348="H3")*(Results_Long!$B$2:$B$1348="end_any_exposure|none|full|dfE")*(Results_Long!$C$2:$C$1348="3LMA-RVE_CR2|r0.6")*(Results_Long!$D$2:$D$1348="diff")*ROW(Results_Long!$A$2:$A$1348)))="","NA",INDEX(Results_Long!$AJ:$AJ,SUMPRODUCT((Results_Long!$A$2:$A$1348="H3")*(Results_Long!$B$2:$B$1348="end_any_exposure|none|full|dfE")*(Results_Long!$C$2:$C$1348="3LMA-RVE_CR2|r0.6")*(Results_Long!$D$2:$D$1348="diff")*ROW(Results_Long!$A$2:$A$1348)))) -> multiverse cell 363/1260: coding=end_any_exposure, outlier=none, es_set=full, df_basis=dfE, estimator=3LMA-RVE_CR2, rho=0.6 [DEC-045 S2]; descriptive curve cell; CORE cell (inference via joint permutation); verifier identity vs committed T2 diff at 1e-6
A11: h3_core_share_recut_2017 | B11: H3 core cell share_recut_2017 (diff, df, t, p) | C11: =IF(INDEX(Results_Long!$K:$K,SUMPRODUCT((Results_Long!$A$2:$A$1348="H3")*(Results_Long!$B$2:$B$1348="share_recut_2017|none|full|dfE")*(Results_Long!$C$2:$C$1348="3LMA-RVE_CR2|r0.6")*(Results_Long!$D$2:$D$1348="diff")*ROW(Results_Long!$A$2:$A$1348)))="","NA",INDEX(Results_Long!$K:$K,SUMPRODUCT((Results_Long!$A$2:$A$1348="H3")*(Results_Long!$B$2:$B$1348="share_recut_2017|none|full|dfE")*(Results_Long!$C$2:$C$1348="3LMA-RVE_CR2|r0.6")*(Results_Long!$D$2:$D$1348="diff")*ROW(Results_Long!$A$2:$A$1348)))) -> 0.0080340694 | D11: =IF(INDEX(Results_Long!$N:$N,SUMPRODUCT((Results_Long!$A$2:$A$1348="H3")*(Results_Long!$B$2:$B$1348="share_recut_2017|none|full|dfE")*(Results_Long!$C$2:$C$1348="3LMA-RVE_CR2|r0.6")*(Results_Long!$D$2:$D$1348="diff")*ROW(Results_Long!$A$2:$A$1348)))="","NA",INDEX(Results_Long!$N:$N,SUMPRODUCT((Results_Long!$A$2:$A$1348="H3")*(Results_Long!$B$2:$B$1348="share_recut_2017|none|full|dfE")*(Results_Long!$C$2:$C$1348="3LMA-RVE_CR2|r0.6")*(Results_Long!$D$2:$D$1348="diff")*ROW(Results_Long!$A$2:$A$1348)))) -> 10.852183 | E11: =IF(INDEX(Results_Long!$M:$M,SUMPRODUCT((Results_Long!$A$2:$A$1348="H3")*(Results_Long!$B$2:$B$1348="share_recut_2017|none|full|dfE")*(Results_Long!$C$2:$C$1348="3LMA-RVE_CR2|r0.6")*(Results_Long!$D$2:$D$1348="diff")*ROW(Results_Long!$A$2:$A$1348)))="","NA",INDEX(Results_Long!$M:$M,SUMPRODUCT((Results_Long!$A$2:$A$1348="H3")*(Results_Long!$B$2:$B$1348="share_recut_2017|none|full|dfE")*(Results_Long!$C$2:$C$1348="3LMA-RVE_CR2|r0.6")*(Results_Long!$D$2:$D$1348="diff")*ROW(Results_Long!$A$2:$A$1348)))) -> 0.4463339 | F11: =IF(INDEX(Results_Long!$O:$O,SUMPRODUCT((Results_Long!$A$2:$A$1348="H3")*(Results_Long!$B$2:$B$1348="share_recut_2017|none|full|dfE")*(Results_Long!$C$2:$C$1348="3LMA-RVE_CR2|r0.6")*(Results_Long!$D$2:$D$1348="diff")*ROW(Results_Long!$A$2:$A$1348)))="","NA",INDEX(Results_Long!$O:$O,SUMPRODUCT((Results_Long!$A$2:$A$1348="H3")*(Results_Long!$B$2:$B$1348="share_recut_2017|none|full|dfE")*(Results_Long!$C$2:$C$1348="3LMA-RVE_CR2|r0.6")*(Results_Long!$D$2:$D$1348="diff")*ROW(Results_Long!$A$2:$A$1348)))) -> 0.6641308 | H11: ="core cell share_recut_2017: diff_z = "&IF($C11="NA","NA",IF($C11<0,"-","+")&INT(ROUND(ABS($C11)*10000,0)/10000)&"."&REPT("0",4-LEN(MOD(ROUND(ABS($C11)*10000,0),10000)))&MOD(ROUND(ABS($C11)*10000,0),10000))&", t("&IF($D11="NA","NA",IF($D11<0,"-","")&INT(ROUND(ABS($D11)*10,0)/10)&"."&REPT("0",1-LEN(MOD(ROUND(ABS($D11)*10,0),10)))&MOD(ROUND(ABS($D11)*10,0),10))&") = "&IF($E11="NA","NA",IF($E11<0,"-","")&INT(ROUND(ABS($E11)*100,0)/100)&"."&REPT("0",2-LEN(MOD(ROUND(ABS($E11)*100,0),100)))&MOD(ROUND(ABS($E11)*100,0),100))&", "&IF($F11="NA","p = NA",IF($F11<0.0001,"p < 0.0001","p = "&IF($F11="NA","NA",IF($F11<0,"-","")&INT(ROUND(ABS($F11)*10000,0)/10000)&"."&REPT("0",4-LEN(MOD(ROUND(ABS($F11)*10000,0),10000)))&MOD(ROUND(ABS($F11)*10000,0),10000)))) -> core cell share_recut_2017: diff_z = +0.0080, t(10.9) = 0.45, p = 0.6641 | I11: TH_c_results.csv H3 share_recut_2017|none|full|dfE (core) | J11: =IF(INDEX(Results_Long!$AJ:$AJ,SUMPRODUCT((Results_Long!$A$2:$A$1348="H3")*(Results_Long!$B$2:$B$1348="share_recut_2017|none|full|dfE")*(Results_Long!$C$2:$C$1348="3LMA-RVE_CR2|r0.6")*(Results_Long!$D$2:$D$1348="diff")*ROW(Results_Long!$A$2:$A$1348)))="","NA",INDEX(Results_Long!$AJ:$AJ,SUMPRODUCT((Results_Long!$A$2:$A$1348="H3")*(Results_Long!$B$2:$B$1348="share_recut_2017|none|full|dfE")*(Results_Long!$C$2:$C$1348="3LMA-RVE_CR2|r0.6")*(Results_Long!$D$2:$D$1348="diff")*ROW(Results_Long!$A$2:$A$1348)))) -> multiverse cell 364/1260: coding=share_recut_2017, outlier=none, es_set=full, df_basis=dfE, estimator=3LMA-RVE_CR2, rho=0.6 [DEC-045 S2]; descriptive curve cell; CORE cell (inference via joint permutation); verifier identity vs committed T2 diff at 1e-6
A12: h3_core_share_recut_2018 | B12: H3 core cell share_recut_2018 (diff, df, t, p) | C12: =IF(INDEX(Results_Long!$K:$K,SUMPRODUCT((Results_Long!$A$2:$A$1348="H3")*(Results_Long!$B$2:$B$1348="share_recut_2018|none|full|dfE")*(Results_Long!$C$2:$C$1348="3LMA-RVE_CR2|r0.6")*(Results_Long!$D$2:$D$1348="diff")*ROW(Results_Long!$A$2:$A$1348)))="","NA",INDEX(Results_Long!$K:$K,SUMPRODUCT((Results_Long!$A$2:$A$1348="H3")*(Results_Long!$B$2:$B$1348="share_recut_2018|none|full|dfE")*(Results_Long!$C$2:$C$1348="3LMA-RVE_CR2|r0.6")*(Results_Long!$D$2:$D$1348="diff")*ROW(Results_Long!$A$2:$A$1348)))) -> 0.0031230426 | D12: =IF(INDEX(Results_Long!$N:$N,SUMPRODUCT((Results_Long!$A$2:$A$1348="H3")*(Results_Long!$B$2:$B$1348="share_recut_2018|none|full|dfE")*(Results_Long!$C$2:$C$1348="3LMA-RVE_CR2|r0.6")*(Results_Long!$D$2:$D$1348="diff")*ROW(Results_Long!$A$2:$A$1348)))="","NA",INDEX(Results_Long!$N:$N,SUMPRODUCT((Results_Long!$A$2:$A$1348="H3")*(Results_Long!$B$2:$B$1348="share_recut_2018|none|full|dfE")*(Results_Long!$C$2:$C$1348="3LMA-RVE_CR2|r0.6")*(Results_Long!$D$2:$D$1348="diff")*ROW(Results_Long!$A$2:$A$1348)))) -> 18.776144 | E12: =IF(INDEX(Results_Long!$M:$M,SUMPRODUCT((Results_Long!$A$2:$A$1348="H3")*(Results_Long!$B$2:$B$1348="share_recut_2018|none|full|dfE")*(Results_Long!$C$2:$C$1348="3LMA-RVE_CR2|r0.6")*(Results_Long!$D$2:$D$1348="diff")*ROW(Results_Long!$A$2:$A$1348)))="","NA",INDEX(Results_Long!$M:$M,SUMPRODUCT((Results_Long!$A$2:$A$1348="H3")*(Results_Long!$B$2:$B$1348="share_recut_2018|none|full|dfE")*(Results_Long!$C$2:$C$1348="3LMA-RVE_CR2|r0.6")*(Results_Long!$D$2:$D$1348="diff")*ROW(Results_Long!$A$2:$A$1348)))) -> 0.14043553 | F12: =IF(INDEX(Results_Long!$O:$O,SUMPRODUCT((Results_Long!$A$2:$A$1348="H3")*(Results_Long!$B$2:$B$1348="share_recut_2018|none|full|dfE")*(Results_Long!$C$2:$C$1348="3LMA-RVE_CR2|r0.6")*(Results_Long!$D$2:$D$1348="diff")*ROW(Results_Long!$A$2:$A$1348)))="","NA",INDEX(Results_Long!$O:$O,SUMPRODUCT((Results_Long!$A$2:$A$1348="H3")*(Results_Long!$B$2:$B$1348="share_recut_2018|none|full|dfE")*(Results_Long!$C$2:$C$1348="3LMA-RVE_CR2|r0.6")*(Results_Long!$D$2:$D$1348="diff")*ROW(Results_Long!$A$2:$A$1348)))) -> 0.88981151 | H12: ="core cell share_recut_2018: diff_z = "&IF($C12="NA","NA",IF($C12<0,"-","+")&INT(ROUND(ABS($C12)*10000,0)/10000)&"."&REPT("0",4-LEN(MOD(ROUND(ABS($C12)*10000,0),10000)))&MOD(ROUND(ABS($C12)*10000,0),10000))&", t("&IF($D12="NA","NA",IF($D12<0,"-","")&INT(ROUND(ABS($D12)*10,0)/10)&"."&REPT("0",1-LEN(MOD(ROUND(ABS($D12)*10,0),10)))&MOD(ROUND(ABS($D12)*10,0),10))&") = "&IF($E12="NA","NA",IF($E12<0,"-","")&INT(ROUND(ABS($E12)*100,0)/100)&"."&REPT("0",2-LEN(MOD(ROUND(ABS($E12)*100,0),100)))&MOD(ROUND(ABS($E12)*100,0),100))&", "&IF($F12="NA","p = NA",IF($F12<0.0001,"p < 0.0001","p = "&IF($F12="NA","NA",IF($F12<0,"-","")&INT(ROUND(ABS($F12)*10000,0)/10000)&"."&REPT("0",4-LEN(MOD(ROUND(ABS($F12)*10000,0),10000)))&MOD(ROUND(ABS($F12)*10000,0),10000)))) -> core cell share_recut_2018: diff_z = +0.0031, t(18.8) = 0.14, p = 0.8898 | I12: TH_c_results.csv H3 share_recut_2018|none|full|dfE (core) | J12: =IF(INDEX(Results_Long!$AJ:$AJ,SUMPRODUCT((Results_Long!$A$2:$A$1348="H3")*(Results_Long!$B$2:$B$1348="share_recut_2018|none|full|dfE")*(Results_Long!$C$2:$C$1348="3LMA-RVE_CR2|r0.6")*(Results_Long!$D$2:$D$1348="diff")*ROW(Results_Long!$A$2:$A$1348)))="","NA",INDEX(Results_Long!$AJ:$AJ,SUMPRODUCT((Results_Long!$A$2:$A$1348="H3")*(Results_Long!$B$2:$B$1348="share_recut_2018|none|full|dfE")*(Results_Long!$C$2:$C$1348="3LMA-RVE_CR2|r0.6")*(Results_Long!$D$2:$D$1348="diff")*ROW(Results_Long!$A$2:$A$1348)))) -> multiverse cell 365/1260: coding=share_recut_2018, outlier=none, es_set=full, df_basis=dfE, estimator=3LMA-RVE_CR2, rho=0.6 [DEC-045 S2]; descriptive curve cell; CORE cell (inference via joint permutation); verifier identity vs committed T2 diff at 1e-6
A13: h3_core_share_recut_2019 | B13: H3 core cell share_recut_2019 (diff, df, t, p) | C13: =IF(INDEX(Results_Long!$K:$K,SUMPRODUCT((Results_Long!$A$2:$A$1348="H3")*(Results_Long!$B$2:$B$1348="share_recut_2019|none|full|dfE")*(Results_Long!$C$2:$C$1348="3LMA-RVE_CR2|r0.6")*(Results_Long!$D$2:$D$1348="diff")*ROW(Results_Long!$A$2:$A$1348)))="","NA",INDEX(Results_Long!$K:$K,SUMPRODUCT((Results_Long!$A$2:$A$1348="H3")*(Results_Long!$B$2:$B$1348="share_recut_2019|none|full|dfE")*(Results_Long!$C$2:$C$1348="3LMA-RVE_CR2|r0.6")*(Results_Long!$D$2:$D$1348="diff")*ROW(Results_Long!$A$2:$A$1348)))) -> 0.0042056666 | D13: =IF(INDEX(Results_Long!$N:$N,SUMPRODUCT((Results_Long!$A$2:$A$1348="H3")*(Results_Long!$B$2:$B$1348="share_recut_2019|none|full|dfE")*(Results_Long!$C$2:$C$1348="3LMA-RVE_CR2|r0.6")*(Results_Long!$D$2:$D$1348="diff")*ROW(Results_Long!$A$2:$A$1348)))="","NA",INDEX(Results_Long!$N:$N,SUMPRODUCT((Results_Long!$A$2:$A$1348="H3")*(Results_Long!$B$2:$B$1348="share_recut_2019|none|full|dfE")*(Results_Long!$C$2:$C$1348="3LMA-RVE_CR2|r0.6")*(Results_Long!$D$2:$D$1348="diff")*ROW(Results_Long!$A$2:$A$1348)))) -> 15.443904 | E13: =IF(INDEX(Results_Long!$M:$M,SUMPRODUCT((Results_Long!$A$2:$A$1348="H3")*(Results_Long!$B$2:$B$1348="share_recut_2019|none|full|dfE")*(Results_Long!$C$2:$C$1348="3LMA-RVE_CR2|r0.6")*(Results_Long!$D$2:$D$1348="diff")*ROW(Results_Long!$A$2:$A$1348)))="","NA",INDEX(Results_Long!$M:$M,SUMPRODUCT((Results_Long!$A$2:$A$1348="H3")*(Results_Long!$B$2:$B$1348="share_recut_2019|none|full|dfE")*(Results_Long!$C$2:$C$1348="3LMA-RVE_CR2|r0.6")*(Results_Long!$D$2:$D$1348="diff")*ROW(Results_Long!$A$2:$A$1348)))) -> 0.18458491 | F13: =IF(INDEX(Results_Long!$O:$O,SUMPRODUCT((Results_Long!$A$2:$A$1348="H3")*(Results_Long!$B$2:$B$1348="share_recut_2019|none|full|dfE")*(Results_Long!$C$2:$C$1348="3LMA-RVE_CR2|r0.6")*(Results_Long!$D$2:$D$1348="diff")*ROW(Results_Long!$A$2:$A$1348)))="","NA",INDEX(Results_Long!$O:$O,SUMPRODUCT((Results_Long!$A$2:$A$1348="H3")*(Results_Long!$B$2:$B$1348="share_recut_2019|none|full|dfE")*(Results_Long!$C$2:$C$1348="3LMA-RVE_CR2|r0.6")*(Results_Long!$D$2:$D$1348="diff")*ROW(Results_Long!$A$2:$A$1348)))) -> 0.85595667 | H13: ="core cell share_recut_2019: diff_z = "&IF($C13="NA","NA",IF($C13<0,"-","+")&INT(ROUND(ABS($C13)*10000,0)/10000)&"."&REPT("0",4-LEN(MOD(ROUND(ABS($C13)*10000,0),10000)))&MOD(ROUND(ABS($C13)*10000,0),10000))&", t("&IF($D13="NA","NA",IF($D13<0,"-","")&INT(ROUND(ABS($D13)*10,0)/10)&"."&REPT("0",1-LEN(MOD(ROUND(ABS($D13)*10,0),10)))&MOD(ROUND(ABS($D13)*10,0),10))&") = "&IF($E13="NA","NA",IF($E13<0,"-","")&INT(ROUND(ABS($E13)*100,0)/100)&"."&REPT("0",2-LEN(MOD(ROUND(ABS($E13)*100,0),100)))&MOD(ROUND(ABS($E13)*100,0),100))&", "&IF($F13="NA","p = NA",IF($F13<0.0001,"p < 0.0001","p = "&IF($F13="NA","NA",IF($F13<0,"-","")&INT(ROUND(ABS($F13)*10000,0)/10000)&"."&REPT("0",4-LEN(MOD(ROUND(ABS($F13)*10000,0),10000)))&MOD(ROUND(ABS($F13)*10000,0),10000)))) -> core cell share_recut_2019: diff_z = +0.0042, t(15.4) = 0.18, p = 0.8560 | I13: TH_c_results.csv H3 share_recut_2019|none|full|dfE (core) | J13: =IF(INDEX(Results_Long!$AJ:$AJ,SUMPRODUCT((Results_Long!$A$2:$A$1348="H3")*(Results_Long!$B$2:$B$1348="share_recut_2019|none|full|dfE")*(Results_Long!$C$2:$C$1348="3LMA-RVE_CR2|r0.6")*(Results_Long!$D$2:$D$1348="diff")*ROW(Results_Long!$A$2:$A$1348)))="","NA",INDEX(Results_Long!$AJ:$AJ,SUMPRODUCT((Results_Long!$A$2:$A$1348="H3")*(Results_Long!$B$2:$B$1348="share_recut_2019|none|full|dfE")*(Results_Long!$C$2:$C$1348="3LMA-RVE_CR2|r0.6")*(Results_Long!$D$2:$D$1348="diff")*ROW(Results_Long!$A$2:$A$1348)))) -> multiverse cell 366/1260: coding=share_recut_2019, outlier=none, es_set=full, df_basis=dfE, estimator=3LMA-RVE_CR2, rho=0.6 [DEC-045 S2]; descriptive curve cell; CORE cell (inference via joint permutation); verifier identity vs committed T2 diff at 1e-6
A14: h3_core_end_lag1 | B14: H3 core cell end_lag1 (diff, df, t, p) | C14: =IF(INDEX(Results_Long!$K:$K,SUMPRODUCT((Results_Long!$A$2:$A$1348="H3")*(Results_Long!$B$2:$B$1348="end_lag1|none|full|dfE")*(Results_Long!$C$2:$C$1348="3LMA-RVE_CR2|r0.6")*(Results_Long!$D$2:$D$1348="diff")*ROW(Results_Long!$A$2:$A$1348)))="","NA",INDEX(Results_Long!$K:$K,SUMPRODUCT((Results_Long!$A$2:$A$1348="H3")*(Results_Long!$B$2:$B$1348="end_lag1|none|full|dfE")*(Results_Long!$C$2:$C$1348="3LMA-RVE_CR2|r0.6")*(Results_Long!$D$2:$D$1348="diff")*ROW(Results_Long!$A$2:$A$1348)))) -> -0.0063644567 | D14: =IF(INDEX(Results_Long!$N:$N,SUMPRODUCT((Results_Long!$A$2:$A$1348="H3")*(Results_Long!$B$2:$B$1348="end_lag1|none|full|dfE")*(Results_Long!$C$2:$C$1348="3LMA-RVE_CR2|r0.6")*(Results_Long!$D$2:$D$1348="diff")*ROW(Results_Long!$A$2:$A$1348)))="","NA",INDEX(Results_Long!$N:$N,SUMPRODUCT((Results_Long!$A$2:$A$1348="H3")*(Results_Long!$B$2:$B$1348="end_lag1|none|full|dfE")*(Results_Long!$C$2:$C$1348="3LMA-RVE_CR2|r0.6")*(Results_Long!$D$2:$D$1348="diff")*ROW(Results_Long!$A$2:$A$1348)))) -> 17.755888 | E14: =IF(INDEX(Results_Long!$M:$M,SUMPRODUCT((Results_Long!$A$2:$A$1348="H3")*(Results_Long!$B$2:$B$1348="end_lag1|none|full|dfE")*(Results_Long!$C$2:$C$1348="3LMA-RVE_CR2|r0.6")*(Results_Long!$D$2:$D$1348="diff")*ROW(Results_Long!$A$2:$A$1348)))="","NA",INDEX(Results_Long!$M:$M,SUMPRODUCT((Results_Long!$A$2:$A$1348="H3")*(Results_Long!$B$2:$B$1348="end_lag1|none|full|dfE")*(Results_Long!$C$2:$C$1348="3LMA-RVE_CR2|r0.6")*(Results_Long!$D$2:$D$1348="diff")*ROW(Results_Long!$A$2:$A$1348)))) -> -0.30866672 | F14: =IF(INDEX(Results_Long!$O:$O,SUMPRODUCT((Results_Long!$A$2:$A$1348="H3")*(Results_Long!$B$2:$B$1348="end_lag1|none|full|dfE")*(Results_Long!$C$2:$C$1348="3LMA-RVE_CR2|r0.6")*(Results_Long!$D$2:$D$1348="diff")*ROW(Results_Long!$A$2:$A$1348)))="","NA",INDEX(Results_Long!$O:$O,SUMPRODUCT((Results_Long!$A$2:$A$1348="H3")*(Results_Long!$B$2:$B$1348="end_lag1|none|full|dfE")*(Results_Long!$C$2:$C$1348="3LMA-RVE_CR2|r0.6")*(Results_Long!$D$2:$D$1348="diff")*ROW(Results_Long!$A$2:$A$1348)))) -> 0.76116727 | H14: ="core cell end_lag1: diff_z = "&IF($C14="NA","NA",IF($C14<0,"-","+")&INT(ROUND(ABS($C14)*10000,0)/10000)&"."&REPT("0",4-LEN(MOD(ROUND(ABS($C14)*10000,0),10000)))&MOD(ROUND(ABS($C14)*10000,0),10000))&", t("&IF($D14="NA","NA",IF($D14<0,"-","")&INT(ROUND(ABS($D14)*10,0)/10)&"."&REPT("0",1-LEN(MOD(ROUND(ABS($D14)*10,0),10)))&MOD(ROUND(ABS($D14)*10,0),10))&") = "&IF($E14="NA","NA",IF($E14<0,"-","")&INT(ROUND(ABS($E14)*100,0)/100)&"."&REPT("0",2-LEN(MOD(ROUND(ABS($E14)*100,0),100)))&MOD(ROUND(ABS($E14)*100,0),100))&", "&IF($F14="NA","p = NA",IF($F14<0.0001,"p < 0.0001","p = "&IF($F14="NA","NA",IF($F14<0,"-","")&INT(ROUND(ABS($F14)*10000,0)/10000)&"."&REPT("0",4-LEN(MOD(ROUND(ABS($F14)*10000,0),10000)))&MOD(ROUND(ABS($F14)*10000,0),10000)))) -> core cell end_lag1: diff_z = -0.0064, t(17.8) = -0.31, p = 0.7612 | I14: TH_c_results.csv H3 end_lag1|none|full|dfE (core) | J14: =IF(INDEX(Results_Long!$AJ:$AJ,SUMPRODUCT((Results_Long!$A$2:$A$1348="H3")*(Results_Long!$B$2:$B$1348="end_lag1|none|full|dfE")*(Results_Long!$C$2:$C$1348="3LMA-RVE_CR2|r0.6")*(Results_Long!$D$2:$D$1348="diff")*ROW(Results_Long!$A$2:$A$1348)))="","NA",INDEX(Results_Long!$AJ:$AJ,SUMPRODUCT((Results_Long!$A$2:$A$1348="H3")*(Results_Long!$B$2:$B$1348="end_lag1|none|full|dfE")*(Results_Long!$C$2:$C$1348="3LMA-RVE_CR2|r0.6")*(Results_Long!$D$2:$D$1348="diff")*ROW(Results_Long!$A$2:$A$1348)))) -> multiverse cell 367/1260: coding=end_lag1, outlier=none, es_set=full, df_basis=dfE, estimator=3LMA-RVE_CR2, rho=0.6 [DEC-045 S2]; descriptive curve cell; CORE cell (inference via joint permutation); verifier identity vs committed T2 diff at 1e-6
A15: h3_core_end_lag2 | B15: H3 core cell end_lag2 (diff, df, t, p) | C15: =IF(INDEX(Results_Long!$K:$K,SUMPRODUCT((Results_Long!$A$2:$A$1348="H3")*(Results_Long!$B$2:$B$1348="end_lag2|none|full|dfE")*(Results_Long!$C$2:$C$1348="3LMA-RVE_CR2|r0.6")*(Results_Long!$D$2:$D$1348="diff")*ROW(Results_Long!$A$2:$A$1348)))="","NA",INDEX(Results_Long!$K:$K,SUMPRODUCT((Results_Long!$A$2:$A$1348="H3")*(Results_Long!$B$2:$B$1348="end_lag2|none|full|dfE")*(Results_Long!$C$2:$C$1348="3LMA-RVE_CR2|r0.6")*(Results_Long!$D$2:$D$1348="diff")*ROW(Results_Long!$A$2:$A$1348)))) -> 0.039789555 | D15: =IF(INDEX(Results_Long!$N:$N,SUMPRODUCT((Results_Long!$A$2:$A$1348="H3")*(Results_Long!$B$2:$B$1348="end_lag2|none|full|dfE")*(Results_Long!$C$2:$C$1348="3LMA-RVE_CR2|r0.6")*(Results_Long!$D$2:$D$1348="diff")*ROW(Results_Long!$A$2:$A$1348)))="","NA",INDEX(Results_Long!$N:$N,SUMPRODUCT((Results_Long!$A$2:$A$1348="H3")*(Results_Long!$B$2:$B$1348="end_lag2|none|full|dfE")*(Results_Long!$C$2:$C$1348="3LMA-RVE_CR2|r0.6")*(Results_Long!$D$2:$D$1348="diff")*ROW(Results_Long!$A$2:$A$1348)))) -> 22.01083 | E15: =IF(INDEX(Results_Long!$M:$M,SUMPRODUCT((Results_Long!$A$2:$A$1348="H3")*(Results_Long!$B$2:$B$1348="end_lag2|none|full|dfE")*(Results_Long!$C$2:$C$1348="3LMA-RVE_CR2|r0.6")*(Results_Long!$D$2:$D$1348="diff")*ROW(Results_Long!$A$2:$A$1348)))="","NA",INDEX(Results_Long!$M:$M,SUMPRODUCT((Results_Long!$A$2:$A$1348="H3")*(Results_Long!$B$2:$B$1348="end_lag2|none|full|dfE")*(Results_Long!$C$2:$C$1348="3LMA-RVE_CR2|r0.6")*(Results_Long!$D$2:$D$1348="diff")*ROW(Results_Long!$A$2:$A$1348)))) -> 1.5221248 | F15: =IF(INDEX(Results_Long!$O:$O,SUMPRODUCT((Results_Long!$A$2:$A$1348="H3")*(Results_Long!$B$2:$B$1348="end_lag2|none|full|dfE")*(Results_Long!$C$2:$C$1348="3LMA-RVE_CR2|r0.6")*(Results_Long!$D$2:$D$1348="diff")*ROW(Results_Long!$A$2:$A$1348)))="","NA",INDEX(Results_Long!$O:$O,SUMPRODUCT((Results_Long!$A$2:$A$1348="H3")*(Results_Long!$B$2:$B$1348="end_lag2|none|full|dfE")*(Results_Long!$C$2:$C$1348="3LMA-RVE_CR2|r0.6")*(Results_Long!$D$2:$D$1348="diff")*ROW(Results_Long!$A$2:$A$1348)))) -> 0.14221586 | H15: ="core cell end_lag2: diff_z = "&IF($C15="NA","NA",IF($C15<0,"-","+")&INT(ROUND(ABS($C15)*10000,0)/10000)&"."&REPT("0",4-LEN(MOD(ROUND(ABS($C15)*10000,0),10000)))&MOD(ROUND(ABS($C15)*10000,0),10000))&", t("&IF($D15="NA","NA",IF($D15<0,"-","")&INT(ROUND(ABS($D15)*10,0)/10)&"."&REPT("0",1-LEN(MOD(ROUND(ABS($D15)*10,0),10)))&MOD(ROUND(ABS($D15)*10,0),10))&") = "&IF($E15="NA","NA",IF($E15<0,"-","")&INT(ROUND(ABS($E15)*100,0)/100)&"."&REPT("0",2-LEN(MOD(ROUND(ABS($E15)*100,0),100)))&MOD(ROUND(ABS($E15)*100,0),100))&", "&IF($F15="NA","p = NA",IF($F15<0.0001,"p < 0.0001","p = "&IF($F15="NA","NA",IF($F15<0,"-","")&INT(ROUND(ABS($F15)*10000,0)/10000)&"."&REPT("0",4-LEN(MOD(ROUND(ABS($F15)*10000,0),10000)))&MOD(ROUND(ABS($F15)*10000,0),10000)))) -> core cell end_lag2: diff_z = +0.0398, t(22.0) = 1.52, p = 0.1422 | I15: TH_c_results.csv H3 end_lag2|none|full|dfE (core) | J15: =IF(INDEX(Results_Long!$AJ:$AJ,SUMPRODUCT((Results_Long!$A$2:$A$1348="H3")*(Results_Long!$B$2:$B$1348="end_lag2|none|full|dfE")*(Results_Long!$C$2:$C$1348="3LMA-RVE_CR2|r0.6")*(Results_Long!$D$2:$D$1348="diff")*ROW(Results_Long!$A$2:$A$1348)))="","NA",INDEX(Results_Long!$AJ:$AJ,SUMPRODUCT((Results_Long!$A$2:$A$1348="H3")*(Results_Long!$B$2:$B$1348="end_lag2|none|full|dfE")*(Results_Long!$C$2:$C$1348="3LMA-RVE_CR2|r0.6")*(Results_Long!$D$2:$D$1348="diff")*ROW(Results_Long!$A$2:$A$1348)))) -> multiverse cell 368/1260: coding=end_lag2, outlier=none, es_set=full, df_basis=dfE, estimator=3LMA-RVE_CR2, rho=0.6 [DEC-045 S2]; descriptive curve cell; CORE cell (inference via joint permutation); verifier identity vs committed T2 diff at 1e-6
A16: h3_core_end_lag3 | B16: H3 core cell end_lag3 (diff, df, t, p) | C16: =IF(INDEX(Results_Long!$K:$K,SUMPRODUCT((Results_Long!$A$2:$A$1348="H3")*(Results_Long!$B$2:$B$1348="end_lag3|none|full|dfE")*(Results_Long!$C$2:$C$1348="3LMA-RVE_CR2|r0.6")*(Results_Long!$D$2:$D$1348="diff")*ROW(Results_Long!$A$2:$A$1348)))="","NA",INDEX(Results_Long!$K:$K,SUMPRODUCT((Results_Long!$A$2:$A$1348="H3")*(Results_Long!$B$2:$B$1348="end_lag3|none|full|dfE")*(Results_Long!$C$2:$C$1348="3LMA-RVE_CR2|r0.6")*(Results_Long!$D$2:$D$1348="diff")*ROW(Results_Long!$A$2:$A$1348)))) -> 0.021318892 | D16: =IF(INDEX(Results_Long!$N:$N,SUMPRODUCT((Results_Long!$A$2:$A$1348="H3")*(Results_Long!$B$2:$B$1348="end_lag3|none|full|dfE")*(Results_Long!$C$2:$C$1348="3LMA-RVE_CR2|r0.6")*(Results_Long!$D$2:$D$1348="diff")*ROW(Results_Long!$A$2:$A$1348)))="","NA",INDEX(Results_Long!$N:$N,SUMPRODUCT((Results_Long!$A$2:$A$1348="H3")*(Results_Long!$B$2:$B$1348="end_lag3|none|full|dfE")*(Results_Long!$C$2:$C$1348="3LMA-RVE_CR2|r0.6")*(Results_Long!$D$2:$D$1348="diff")*ROW(Results_Long!$A$2:$A$1348)))) -> 22.304972 | E16: =IF(INDEX(Results_Long!$M:$M,SUMPRODUCT((Results_Long!$A$2:$A$1348="H3")*(Results_Long!$B$2:$B$1348="end_lag3|none|full|dfE")*(Results_Long!$C$2:$C$1348="3LMA-RVE_CR2|r0.6")*(Results_Long!$D$2:$D$1348="diff")*ROW(Results_Long!$A$2:$A$1348)))="","NA",INDEX(Results_Long!$M:$M,SUMPRODUCT((Results_Long!$A$2:$A$1348="H3")*(Results_Long!$B$2:$B$1348="end_lag3|none|full|dfE")*(Results_Long!$C$2:$C$1348="3LMA-RVE_CR2|r0.6")*(Results_Long!$D$2:$D$1348="diff")*ROW(Results_Long!$A$2:$A$1348)))) -> 0.97959873 | F16: =IF(INDEX(Results_Long!$O:$O,SUMPRODUCT((Results_Long!$A$2:$A$1348="H3")*(Results_Long!$B$2:$B$1348="end_lag3|none|full|dfE")*(Results_Long!$C$2:$C$1348="3LMA-RVE_CR2|r0.6")*(Results_Long!$D$2:$D$1348="diff")*ROW(Results_Long!$A$2:$A$1348)))="","NA",INDEX(Results_Long!$O:$O,SUMPRODUCT((Results_Long!$A$2:$A$1348="H3")*(Results_Long!$B$2:$B$1348="end_lag3|none|full|dfE")*(Results_Long!$C$2:$C$1348="3LMA-RVE_CR2|r0.6")*(Results_Long!$D$2:$D$1348="diff")*ROW(Results_Long!$A$2:$A$1348)))) -> 0.33779064 | H16: ="core cell end_lag3: diff_z = "&IF($C16="NA","NA",IF($C16<0,"-","+")&INT(ROUND(ABS($C16)*10000,0)/10000)&"."&REPT("0",4-LEN(MOD(ROUND(ABS($C16)*10000,0),10000)))&MOD(ROUND(ABS($C16)*10000,0),10000))&", t("&IF($D16="NA","NA",IF($D16<0,"-","")&INT(ROUND(ABS($D16)*10,0)/10)&"."&REPT("0",1-LEN(MOD(ROUND(ABS($D16)*10,0),10)))&MOD(ROUND(ABS($D16)*10,0),10))&") = "&IF($E16="NA","NA",IF($E16<0,"-","")&INT(ROUND(ABS($E16)*100,0)/100)&"."&REPT("0",2-LEN(MOD(ROUND(ABS($E16)*100,0),100)))&MOD(ROUND(ABS($E16)*100,0),100))&", "&IF($F16="NA","p = NA",IF($F16<0.0001,"p < 0.0001","p = "&IF($F16="NA","NA",IF($F16<0,"-","")&INT(ROUND(ABS($F16)*10000,0)/10000)&"."&REPT("0",4-LEN(MOD(ROUND(ABS($F16)*10000,0),10000)))&MOD(ROUND(ABS($F16)*10000,0),10000)))) -> core cell end_lag3: diff_z = +0.0213, t(22.3) = 0.98, p = 0.3378 | I16: TH_c_results.csv H3 end_lag3|none|full|dfE (core) | J16: =IF(INDEX(Results_Long!$AJ:$AJ,SUMPRODUCT((Results_Long!$A$2:$A$1348="H3")*(Results_Long!$B$2:$B$1348="end_lag3|none|full|dfE")*(Results_Long!$C$2:$C$1348="3LMA-RVE_CR2|r0.6")*(Results_Long!$D$2:$D$1348="diff")*ROW(Results_Long!$A$2:$A$1348)))="","NA",INDEX(Results_Long!$AJ:$AJ,SUMPRODUCT((Results_Long!$A$2:$A$1348="H3")*(Results_Long!$B$2:$B$1348="end_lag3|none|full|dfE")*(Results_Long!$C$2:$C$1348="3LMA-RVE_CR2|r0.6")*(Results_Long!$D$2:$D$1348="diff")*ROW(Results_Long!$A$2:$A$1348)))) -> multiverse cell 369/1260: coding=end_lag3, outlier=none, es_set=full, df_basis=dfE, estimator=3LMA-RVE_CR2, rho=0.6 [DEC-045 S2]; descriptive curve cell; CORE cell (inference via joint permutation); verifier identity vs committed T2 diff at 1e-6
A17: h3_core_clean_window | B17: H3 core cell clean_window (diff, df, t, p) | C17: =IF(INDEX(Results_Long!$K:$K,SUMPRODUCT((Results_Long!$A$2:$A$1348="H3")*(Results_Long!$B$2:$B$1348="clean_window|none|full|dfE")*(Results_Long!$C$2:$C$1348="3LMA-RVE_CR2|r0.6")*(Results_Long!$D$2:$D$1348="diff")*ROW(Results_Long!$A$2:$A$1348)))="","NA",INDEX(Results_Long!$K:$K,SUMPRODUCT((Results_Long!$A$2:$A$1348="H3")*(Results_Long!$B$2:$B$1348="clean_window|none|full|dfE")*(Results_Long!$C$2:$C$1348="3LMA-RVE_CR2|r0.6")*(Results_Long!$D$2:$D$1348="diff")*ROW(Results_Long!$A$2:$A$1348)))) -> -0.012921 | D17: =IF(INDEX(Results_Long!$N:$N,SUMPRODUCT((Results_Long!$A$2:$A$1348="H3")*(Results_Long!$B$2:$B$1348="clean_window|none|full|dfE")*(Results_Long!$C$2:$C$1348="3LMA-RVE_CR2|r0.6")*(Results_Long!$D$2:$D$1348="diff")*ROW(Results_Long!$A$2:$A$1348)))="","NA",INDEX(Results_Long!$N:$N,SUMPRODUCT((Results_Long!$A$2:$A$1348="H3")*(Results_Long!$B$2:$B$1348="clean_window|none|full|dfE")*(Results_Long!$C$2:$C$1348="3LMA-RVE_CR2|r0.6")*(Results_Long!$D$2:$D$1348="diff")*ROW(Results_Long!$A$2:$A$1348)))) -> 23.474483 | E17: =IF(INDEX(Results_Long!$M:$M,SUMPRODUCT((Results_Long!$A$2:$A$1348="H3")*(Results_Long!$B$2:$B$1348="clean_window|none|full|dfE")*(Results_Long!$C$2:$C$1348="3LMA-RVE_CR2|r0.6")*(Results_Long!$D$2:$D$1348="diff")*ROW(Results_Long!$A$2:$A$1348)))="","NA",INDEX(Results_Long!$M:$M,SUMPRODUCT((Results_Long!$A$2:$A$1348="H3")*(Results_Long!$B$2:$B$1348="clean_window|none|full|dfE")*(Results_Long!$C$2:$C$1348="3LMA-RVE_CR2|r0.6")*(Results_Long!$D$2:$D$1348="diff")*ROW(Results_Long!$A$2:$A$1348)))) -> -0.74550013 | F17: =IF(INDEX(Results_Long!$O:$O,SUMPRODUCT((Results_Long!$A$2:$A$1348="H3")*(Results_Long!$B$2:$B$1348="clean_window|none|full|dfE")*(Results_Long!$C$2:$C$1348="3LMA-RVE_CR2|r0.6")*(Results_Long!$D$2:$D$1348="diff")*ROW(Results_Long!$A$2:$A$1348)))="","NA",INDEX(Results_Long!$O:$O,SUMPRODUCT((Results_Long!$A$2:$A$1348="H3")*(Results_Long!$B$2:$B$1348="clean_window|none|full|dfE")*(Results_Long!$C$2:$C$1348="3LMA-RVE_CR2|r0.6")*(Results_Long!$D$2:$D$1348="diff")*ROW(Results_Long!$A$2:$A$1348)))) -> 0.46336937 | H17: ="core cell clean_window: diff_z = "&IF($C17="NA","NA",IF($C17<0,"-","+")&INT(ROUND(ABS($C17)*10000,0)/10000)&"."&REPT("0",4-LEN(MOD(ROUND(ABS($C17)*10000,0),10000)))&MOD(ROUND(ABS($C17)*10000,0),10000))&", t("&IF($D17="NA","NA",IF($D17<0,"-","")&INT(ROUND(ABS($D17)*10,0)/10)&"."&REPT("0",1-LEN(MOD(ROUND(ABS($D17)*10,0),10)))&MOD(ROUND(ABS($D17)*10,0),10))&") = "&IF($E17="NA","NA",IF($E17<0,"-","")&INT(ROUND(ABS($E17)*100,0)/100)&"."&REPT("0",2-LEN(MOD(ROUND(ABS($E17)*100,0),100)))&MOD(ROUND(ABS($E17)*100,0),100))&", "&IF($F17="NA","p = NA",IF($F17<0.0001,"p < 0.0001","p = "&IF($F17="NA","NA",IF($F17<0,"-","")&INT(ROUND(ABS($F17)*10000,0)/10000)&"."&REPT("0",4-LEN(MOD(ROUND(ABS($F17)*10000,0),10000)))&MOD(ROUND(ABS($F17)*10000,0),10000)))) -> core cell clean_window: diff_z = -0.0129, t(23.5) = -0.75, p = 0.4634 | I17: TH_c_results.csv H3 clean_window|none|full|dfE (core) | J17: =IF(INDEX(Results_Long!$AJ:$AJ,SUMPRODUCT((Results_Long!$A$2:$A$1348="H3")*(Results_Long!$B$2:$B$1348="clean_window|none|full|dfE")*(Results_Long!$C$2:$C$1348="3LMA-RVE_CR2|r0.6")*(Results_Long!$D$2:$D$1348="diff")*ROW(Results_Long!$A$2:$A$1348)))="","NA",INDEX(Results_Long!$AJ:$AJ,SUMPRODUCT((Results_Long!$A$2:$A$1348="H3")*(Results_Long!$B$2:$B$1348="clean_window|none|full|dfE")*(Results_Long!$C$2:$C$1348="3LMA-RVE_CR2|r0.6")*(Results_Long!$D$2:$D$1348="diff")*ROW(Results_Long!$A$2:$A$1348)))) -> multiverse cell 370/1260: coding=clean_window, outlier=none, es_set=full, df_basis=dfE, estimator=3LMA-RVE_CR2, rho=0.6 [DEC-045 S2]; descriptive curve cell; CORE cell (inference via joint permutation); verifier identity vs committed T2 diff at 1e-6
A18: h4_p_perm | B18: H4 permutation p + B_eff | C18: =IF(INDEX(Results_Long!$AG:$AG,SUMPRODUCT((Results_Long!$A$2:$A$1348="H4")*(Results_Long!$B$2:$B$1348="perm_sup")*(Results_Long!$C$2:$C$1348="defined")*(Results_Long!$D$2:$D$1348="p_perm")*ROW(Results_Long!$A$2:$A$1348)))="","NA",INDEX(Results_Long!$AG:$AG,SUMPRODUCT((Results_Long!$A$2:$A$1348="H4")*(Results_Long!$B$2:$B$1348="perm_sup")*(Results_Long!$C$2:$C$1348="defined")*(Results_Long!$D$2:$D$1348="p_perm")*ROW(Results_Long!$A$2:$A$1348)))) -> 0.34131737 | D18: =IF(INDEX(Results_Long!$AG:$AG,SUMPRODUCT((Results_Long!$A$2:$A$1348="H4")*(Results_Long!$B$2:$B$1348="perm_sup")*(Results_Long!$C$2:$C$1348="defined")*(Results_Long!$D$2:$D$1348="eff_B")*ROW(Results_Long!$A$2:$A$1348)))="","NA",INDEX(Results_Long!$AG:$AG,SUMPRODUCT((Results_Long!$A$2:$A$1348="H4")*(Results_Long!$B$2:$B$1348="perm_sup")*(Results_Long!$C$2:$C$1348="defined")*(Results_Long!$D$2:$D$1348="eff_B")*ROW(Results_Long!$A$2:$A$1348)))) -> 500 | H18: ="H4 sup-break permutation: p_perm = "&IF($C18="NA","NA",IF($C18<0,"-","")&INT(ROUND(ABS($C18)*10000,0)/10000)&"."&REPT("0",4-LEN(MOD(ROUND(ABS($C18)*10000,0),10000)))&MOD(ROUND(ABS($C18)*10000,0),10000))&"; B_eff = "&IF($D18="NA","NA",ROUND($D18,0))&" (observed sup single-homed in the TH-a workbook Tab 7)" -> H4 sup-break permutation: p_perm = 0.3413; B_eff = 500 (observed sup single-homed in the TH-a workbook Tab 7) | I18: TH_c_results.csv H4 perm_sup | J18: =IF(INDEX(Results_Long!$AJ:$AJ,SUMPRODUCT((Results_Long!$A$2:$A$1348="H4")*(Results_Long!$B$2:$B$1348="perm_sup")*(Results_Long!$C$2:$C$1348="defined")*(Results_Long!$D$2:$D$1348="p_perm")*ROW(Results_Long!$A$2:$A$1348)))="","NA",INDEX(Results_Long!$AJ:$AJ,SUMPRODUCT((Results_Long!$A$2:$A$1348="H4")*(Results_Long!$B$2:$B$1348="perm_sup")*(Results_Long!$C$2:$C$1348="defined")*(Results_Long!$D$2:$D$1348="p_perm")*ROW(Results_Long!$A$2:$A$1348)))) -> time-translation permutation, identical list as H5 [H-Q16/H-Q20]: p = (1 + 170) / (500 + 1); observed sup |t| = 2.122533 (from TH_a_results.csv observed_sup); admissible years fixed at the observed design: 2008, 2009, 2010, 2011, 2012, 2013, 2014, 2015, 2016, 2017, 2018, 2019; exceed count = 170 of 500 effective
A19: h5_p_perm | B19: H5 permutation p + B_eff | C19: =IF(INDEX(Results_Long!$AG:$AG,SUMPRODUCT((Results_Long!$A$2:$A$1348="H5")*(Results_Long!$B$2:$B$1348="perm_race")*(Results_Long!$C$2:$C$1348="defined")*(Results_Long!$D$2:$D$1348="p_perm")*ROW(Results_Long!$A$2:$A$1348)))="","NA",INDEX(Results_Long!$AG:$AG,SUMPRODUCT((Results_Long!$A$2:$A$1348="H5")*(Results_Long!$B$2:$B$1348="perm_race")*(Results_Long!$C$2:$C$1348="defined")*(Results_Long!$D$2:$D$1348="p_perm")*ROW(Results_Long!$A$2:$A$1348)))) -> 0.4011976 | D19: =IF(INDEX(Results_Long!$AG:$AG,SUMPRODUCT((Results_Long!$A$2:$A$1348="H5")*(Results_Long!$B$2:$B$1348="perm_race")*(Results_Long!$C$2:$C$1348="defined")*(Results_Long!$D$2:$D$1348="eff_B")*ROW(Results_Long!$A$2:$A$1348)))="","NA",INDEX(Results_Long!$AG:$AG,SUMPRODUCT((Results_Long!$A$2:$A$1348="H5")*(Results_Long!$B$2:$B$1348="perm_race")*(Results_Long!$C$2:$C$1348="defined")*(Results_Long!$D$2:$D$1348="eff_B")*ROW(Results_Long!$A$2:$A$1348)))) -> 500 | H19: ="H5 race permutation: p_perm = "&IF($C19="NA","NA",IF($C19<0,"-","")&INT(ROUND(ABS($C19)*10000,0)/10000)&"."&REPT("0",4-LEN(MOD(ROUND(ABS($C19)*10000,0),10000)))&MOD(ROUND(ABS($C19)*10000,0),10000))&"; B_eff = "&IF($D19="NA","NA",ROUND($D19,0))&" (observed |t_race| verbatim in note; point estimate single-home: T8)" -> H5 race permutation: p_perm = 0.4012; B_eff = 500 (observed |t_race| verbatim in note; point estimate single-home: T8) | I19: TH_c_results.csv H5 perm_race | J19: =IF(INDEX(Results_Long!$AJ:$AJ,SUMPRODUCT((Results_Long!$A$2:$A$1348="H5")*(Results_Long!$B$2:$B$1348="perm_race")*(Results_Long!$C$2:$C$1348="defined")*(Results_Long!$D$2:$D$1348="p_perm")*ROW(Results_Long!$A$2:$A$1348)))="","NA",INDEX(Results_Long!$AJ:$AJ,SUMPRODUCT((Results_Long!$A$2:$A$1348="H5")*(Results_Long!$B$2:$B$1348="perm_race")*(Results_Long!$C$2:$C$1348="defined")*(Results_Long!$D$2:$D$1348="p_perm")*ROW(Results_Long!$A$2:$A$1348)))) -> time-translation permutation [H-Q20]: p = (1 + 200) / (500 + 1); observed |t_race| = 1.052421 (pp_mid coefficient of the T8 race model; point estimate/p_CR2 live in T8 — single-home [4a]); B = 500, exceed count = 200 of 500 effective

Sheet Manuscript_Text_Blocks
A1: TH-c (simulation & permutation family) · Manuscript Text Blocks (TB-nn continue across runs; T1=TB-01..12, T2=TB-13..19, ..., this run: TB-46..TB-51)
A2: Numbers hardcoded WITH provenance: source = output/TH_c_results.csv (this workbook's Results_Long); REGENERATE ON ANY RE-RUN. Prose framing-neutral pending DEC-044 gate resolution.
A3: Run finished 2026-07-26 17:39 (canonical) · runtime 44.3 h · verifier R/09_verify_outputs.R 19/19 PASS · chat artefact check 2026-07-26 18/18 PASS · output/TH_c_results.csv 1347x36 · counters fits/fallback/fail: 11,500/92/0 (pass) · 540/3/0 (curve) · 200/2/0 (calibration) · eff_B 500/500/500 · not_estimable cells: 0
A5: ID | B5: Target section | C5: Status | D5: Text (EN) | E5: Source pointers | F5: Note
A6: TB-46 | B6: Results/Discussion - design sensitivity (H1) | C6: DRAFT | D6: Design-based sensitivity: with variance components fixed at the observed T1 magnitudes, the minimum detectable Paris contrast at 80% power exceeds the pre-registered delta-grid ceiling of 0.08 z under the x1.0 and x2.0 heterogeneity scenarios (power at delta = 0.08: 0.730 and 0.448); under the half-heterogeneity scenario, MDE80 = 0.063. Under the equity-companion lower-bound mapping [S4], MDE80 ranges from 0.010 to 0.018 - the observed between-cluster heterogeneity, not the number of studies, is the binding constraint. | E6: [TH_c xlsx Tab 6]; [DEC-045/H-Q14] | F6: Embedding sentence set at gate resolution; companion tau2 caveat applies.
A7: TB-47 | B7: Methods/Appendix - calibration (H1) | C7: READY | D7: A 200-replicate full-REML calibration of the analytic power stream at the grid ceiling (delta = 0.08, primary scenario) yields a rejection rate of 0.765 against the 0.80 target (optimism +0.035; fits/fallback/fail = 200/2/0), supporting the y-free precompute as mildly conservative-to-accurate. | E7: [TH_c xlsx Tab 6]
A8: TB-48 | B8: Results - specification curve (H3) | C8: BLOCKED - DEC-044 | D8: Across all 1,260 specification cells (10 Paris codings x 3 outlier treatments x 2 effect-size sets x 3 df bases x 7 estimator/rho variants), exactly one contrast is significant at alpha = .05 (end_lag2 | winsor | full set | dfE, 3LMA-RVE rho = 0.4: diff_z = +0.018, p = .049) - against roughly 63 cells expected under a global null at this alpha. None of the 10 pre-registered core cells is significant (observed share 0/10); the joint cluster-time-translation permutation yields p_perm(share) = 1.000 and p_perm(median |t|) = 0.854 (B_eff = 500). | E8: [TH_c xlsx Tabs 7-8]; [DEC-045 S2/S3] | F8: Share hardcoded from Results_Long - regenerate on re-run.
A9: TB-49 | B9: Results - core coding family (H3) | C9: BLOCKED - DEC-044 | D9: Within the pre-registered core family, contrasts range from -0.019 (end_any_exposure) to +0.040 (end_lag2), with the smallest p-value at 0.142 (end_lag2); the clean-window cell rests on 929 effect sizes from 40 clusters by design. | E9: [TH_c xlsx Tab 8] | F9: Range/min-p hardcoded from Results_Long - regenerate on re-run.
A10: TB-50 | B10: Results - structural-break inference (H4) | C10: BLOCKED - DEC-044 | D10: The permutation reference distribution for the supremum break statistic (cluster time translation, identical permutation list as H5, admissible years fixed at the observed design) yields p_perm = 0.341 (B_eff = 500). | E10: [TH_c xlsx Tab 9]; [H-Q16/H-Q20] | F10: Pairs with TB-39 (TH-a observed grid).
A11: TB-51 | B11: Results - permutation inference (H5) | C11: BLOCKED - DEC-044 | D11: The pre-registered permutation test of the trend-vs-break race statistic yields p_perm = 0.401 (B_eff = 500; observed |t_race| = 1.052, whose point estimate and CR2 p-value are reported once in the identification battery). | E11: [TH_c xlsx Tab 10]; [T8 single-home 4a]
